Workbook

Sheet Cover Page
B2: Report Title
B3: Report Number
B4: Revision
B5: Report Comments
B7: Name, address, location of performance of the laboratory activities | C7: Centre for Oil and Gas Research and Development 144 Dysart Road, Winnipeg, Manitoba, R3T 2N2, (204) 474-7001
B9: ISSUED TO:
B10: Name
B11: Company/Institution
B12: Address
B13: Phone #
B15: Test Method (number, name)
B17: Testing dates
D21: Name/Title | H21: Signature/Date
B23: Prepared
B25: Reviewed
B27: Authorized
B30: [This report shall not be reproduced except in full without the written authority of COGRAD Laboratory]
B31: [The results issued within this report relate only to the samples that were submitted and tested as received]

Sheet Results-PAHs
A1: ='Cover Page'!B2 -> Report Title | B1: ='Cover Page'!C2 -> 0
A2: ='Cover Page'!B3 -> Report Number | B2: ='Cover Page'!C3 -> 0
A3: ='Cover Page'!B4 -> Revision | B3: ='Cover Page'!C4 -> 0
A6: Analyte | B6: Limit of Detection (add units)* | C6: Sample Concentration (add units) | M6: =C6 -> Sample Concentration (add units) | X6: =C6 -> Sample Concentration (add units) | AI6: =C6 -> Sample Concentration (add units) | AT6: =C6 -> Sample Concentration (add units) | BE6: =C6 -> Sample Concentration (add units) | BP6: =C6 -> Sample Concentration (add units) | CA6: =C6 -> Sample Concentration (add units) | CL6: =C6 -> Sample Concentration (add units) | CY6: =C6 -> Sample Concentration (add units) | DL6: =C6 -> Sample Concentration (add units) | DY6: =C6 -> Sample Concentration (add units) | EL6: =C6 -> Sample Concentration (add units)
C7: ='Sample Set Info'!B32 -> 0 | D7: ='Sample Set Info'!B33 -> 0 | E7: ='Sample Set Info'!B34 -> 0 | F7: ='Sample Set Info'!B35 -> 0 | G7: ='Sample Set Info'!B36 -> 0 | H7: ='Sample Set Info'!B37 -> 0 | I7: ='Sample Set Info'!B38 -> 0 | J7: ='Sample Set Info'!B39 -> 0 | K7: ='Sample Set Info'!B40 -> 0 | L7: ='Sample Set Info'!B41 -> 0 | M7: ='Sample Set Info'!B42 -> 0 | N7: ='Sample Set Info'!B43 -> 0 | O7: ='Sample Set Info'!B44 -> 0 | P7: ='Sample Set Info'!B45 -> 0 | Q7: ='Sample Set Info'!B46 -> 0 | R7: ='Sample Set Info'!B47 -> 0 | S7: ='Sample Set Info'!B48 -> 0 | T7: ='Sample Set Info'!B49 -> 0 | U7: ='Sample Set Info'!B50 -> 0 | V7: ='Sample Set Info'!B51 -> 0 | W7: ='Sample Set Info'!B52 -> 0 | X7: ='Sample Set Info'!B53 -> 0 | Y7: ='Sample Set Info'!B54 -> 0 | Z7: ='Sample Set Info'!B55 -> 0 | AA7: ='Sample Set Info'!B56 -> 0 | AB7: ='Sample Set Info'!B57 -> 0 | AC7: ='Sample Set Info'!B58 -> 0 | AD7: ='Sample Set Info'!B59 -> 0 | AE7: ='Sample Set Info'!B60 -> 0 | AF7: ='Sample Set Info'!B61 -> 0 | AG7: ='Sample Set Info'!B62 -> 0 | AH7: ='Sample Set Info'!B63 -> 0 | AI7: ='Sample Set Info'!B64 -> 0 | AJ7: ='Sample Set Info'!B65 -> 0 | AK7: ='Sample Set Info'!B66 -> 0 | AL7: ='Sample Set Info'!B67 -> 0 | AM7: ='Sample Set Info'!B68 -> 0 | AN7: ='Sample Set Info'!B69 -> 0 | AO7: ='Sample Set Info'!B70 -> 0 | AP7: ='Sample Set Info'!B71 -> 0 | AQ7: ='Sample Set Info'!B72 -> 0 | AR7: ='Sample Set Info'!B73 -> 0 | AS7: ='Sample Set Info'!B74 -> 0 | AT7: ='Sample Set Info'!B75 -> 0 | AU7: ='Sample Set Info'!B76 -> 0 | AV7: ='Sample Set Info'!B77 -> 0 | AW7: ='Sample Set Info'!B78 -> 0 | AX7: ='Sample Set Info'!B79 -> 0 | AY7: ='Sample Set Info'!B80 -> 0 | AZ7: ='Sample Set Info'!B81 -> 0 | BA7: ='Sample Set Info'!B82 -> 0 | BB7: ='Sample Set Info'!B83 -> 0 | BC7: ='Sample Set Info'!B84 -> 0 | BD7: ='Sample Set Info'!B85 -> 0 | BE7: ='Sample Set Info'!B86 -> 0 | BF7: ='Sample Set Info'!B87 -> 0 | BG7: ='Sample Set Info'!B88 -> 0 | BH7: ='Sample Set Info'!B89 -> 0 | BI7: ='Sample Set Info'!B90 -> 0 | BJ7: ='Sample Set Info'!B91 -> 0 | BK7: ='Sample Set Info'!B92 -> 0 | BL7: ='Sample Set Info'!B93 -> 0 | BM7: ='Sample Set Info'!B94 -> 0 | BN7: ='Sample Set Info'!B95 -> 0 | BO7: ='Sample Set Info'!B96 -> 0 | BP7: ='Sample Set Info'!B97 -> 0 | BQ7: ='Sample Set Info'!B98 -> 0 | BR7: ='Sample Set Info'!B99 -> 0 | BS7: ='Sample Set Info'!B100 -> 0 | BT7: ='Sample Set Info'!B101 -> 0 | BU7: ='Sample Set Info'!B102 -> 0 | BV7: ='Sample Set Info'!B103 -> 0 | BW7: ='Sample Set Info'!B104 -> 0 | BX7: ='Sample Set Info'!B105 -> 0 | BY7: ='Sample Set Info'!B106 -> 0 | BZ7: ='Sample Set Info'!B107 -> 0 | CA7: ='Sample Set Info'!B108 -> 0 | CB7: ='Sample Set Info'!B109 -> 0 | CC7: ='Sample Set Info'!B110 -> 0 | CD7: ='Sample Set Info'!B111 -> 0 | CE7: ='Sample Set Info'!B112 -> 0 | CF7: ='Sample Set Info'!B113 -> 0 | CG7: ='Sample Set Info'!B114 -> 0 | CH7: ='Sample Set Info'!B115 -> 0 | CI7: ='Sample Set Info'!B116 -> 0 | CJ7: ='Sample Set Info'!B117 -> 0 | CK7: ='Sample Set Info'!B118 -> 0 | CL7: ='Sample Set Info'!B119 -> 0 | CM7: ='Sample Set Info'!B120 -> 0 | CN7: ='Sample Set Info'!B121 -> 0 | CO7: ='Sample Set Info'!B122 -> 0 | CP7: ='Sample Set Info'!B123 -> 0 | CQ7: ='Sample Set Info'!B124 -> 0 | CR7: ='Sample Set Info'!B125 -> 0 | CS7: ='Sample Set Info'!B126 -> 0 | CT7: ='Sample Set Info'!B127 -> 0 | CU7: ='Sample Set Info'!B128 -> 0 | CV7: ='Sample Set Info'!B129 -> 0 | CW7: ='Sample Set Info'!B130 -> 0 | CX7: ='Sample Set Info'!B131 -> 0 | CY7: ='Sample Set Info'!B132 -> 0 | CZ7: ='Sample Set Info'!B133 -> 0 | DA7: ='Sample Set Info'!B134 -> 0 | DB7: ='Sample Set Info'!B135 -> 0 | DC7: ='Sample Set Info'!B136 -> 0 | DD7: ='Sample Set Info'!B137 -> 0 | DE7: ='Sample Set Info'!B138 -> 0 | DF7: ='Sample Set Info'!B139 -> 0 | DG7: ='Sample Set Info'!B140 -> 0 | DH7: ='Sample Set Info'!B141 -> 0 | DI7: ='Sample Set Info'!B142 -> 0 | DJ7: ='Sample Set Info'!B143 -> 0 | DK7: ='Sample Set Info'!B144 -> 0 | DL7: ='Sample Set Info'!B145 -> 0 | DM7: ='Sample Set Info'!B146 -> 0 | DN7: ='Sample Set Info'!B147 -> 0 | DO7: ='Sample Set Info'!B148 -> 0 | DP7: ='Sample Set Info'!B149 -> 0 | DQ7: ='Sample Set Info'!B150 -> 0 | DR7: ='Sample Set Info'!B151 -> 0 | DS7: ='Sample Set Info'!B152 -> 0 | DT7: ='Sample Set Info'!B153 -> 0 | DU7: ='Sample Set Info'!B154 -> 0 | DV7: ='Sample Set Info'!B155 -> 0 | DW7: ='Sample Set Info'!B156 -> 0 | DX7: ='Sample Set Info'!B157 -> 0 | DY7: ='Sample Set Info'!B158 -> 0 | DZ7: ='Sample Set Info'!B159 -> 0 | EA7: ='Sample Set Info'!B160 -> 0 | EB7: ='Sample Set Info'!B161 -> 0 | EC7: ='Sample Set Info'!B162 -> 0 | ED7: ='Sample Set Info'!B163 -> 0 | EE7: ='Sample Set Info'!B164 -> 0 | EF7: ='Sample Set Info'!B165 -> 0 | EG7: ='Sample Set Info'!B166 -> 0 | EH7: ='Sample Set Info'!B167 -> 0 | EI7: ='Sample Set Info'!B168 -> 0 | EJ7: ='Sample Set Info'!B169 -> 0 | EK7: ='Sample Set Info'!B170 -> 0 | EL7: ='Sample Set Info'!B171 -> 0 | EM7: ='Sample Set Info'!B172 -> 0 | EN7: ='Sample Set Info'!B173 -> 0 | EO7: ='Sample Set Info'!B174 -> 0 | EP7: ='Sample Set Info'!B175 -> 0 | EQ7: ='Sample Set Info'!B176 -> 0 | ER7: ='Sample Set Info'!B177 -> 0 | ES7: ='Sample Set Info'!B178 -> 0 | ET7: ='Sample Set Info'!B179 -> 0 | EU7: ='Sample Set Info'!B180 -> 0 | EV7: ='Sample Set Info'!B181 -> 0
A8: ='Analyte List'!A9 -> Napthalene | B8: ='Analyte List'!K9 -> 0 | C8: ='Sample Conc Calc'!AF433 -> #DIV/0! | D8: ='Sample Conc Calc'!AG433 -> #DIV/0! | E8: ='Sample Conc Calc'!AH433 -> #DIV/0! | F8: ='Sample Conc Calc'!AI433 -> #DIV/0! | G8: ='Sample Conc Calc'!AJ433 -> #DIV/0! | H8: ='Sample Conc Calc'!AK433 -> #DIV/0! | I8: ='Sample Conc Calc'!AL433 -> #DIV/0! | J8: ='Sample Conc Calc'!AM433 -> #DIV/0! | ... EV8: ='Sample Conc Calc'!FY433 -> #DIV/0!
A9: ='Analyte List'!A10 -> Acenapthylene | B9: ='Analyte List'!K10 -> 0 | C9: ='Sample Conc Calc'!AF434 -> #DIV/0! | D9: ='Sample Conc Calc'!AG434 -> #DIV/0! | E9: ='Sample Conc Calc'!AH434 -> #DIV/0! | F9: ='Sample Conc Calc'!AI434 -> #DIV/0! | G9: ='Sample Conc Calc'!AJ434 -> #DIV/0! | H9: ='Sample Conc Calc'!AK434 -> #DIV/0! | I9: ='Sample Conc Calc'!AL434 -> #DIV/0! | J9: ='Sample Conc Calc'!AM434 -> #DIV/0! | ... EV9: ='Sample Conc Calc'!FY434 -> #DIV/0!
A10: ='Analyte List'!A11 -> Acenaphthene | B10: ='Analyte List'!K11 -> 0 | C10: ='Sample Conc Calc'!AF435 -> #DIV/0! | D10: ='Sample Conc Calc'!AG435 -> #DIV/0! | E10: ='Sample Conc Calc'!AH435 -> #DIV/0! | F10: ='Sample Conc Calc'!AI435 -> #DIV/0! | G10: ='Sample Conc Calc'!AJ435 -> #DIV/0! | H10: ='Sample Conc Calc'!AK435 -> #DIV/0! | I10: ='Sample Conc Calc'!AL435 -> #DIV/0! | J10: ='Sample Conc Calc'!AM435 -> #DIV/0! | ... EV10: ='Sample Conc Calc'!FY435 -> #DIV/0!
A11: ='Analyte List'!A12 -> Fluorene | B11: ='Analyte List'!K12 -> 0 | C11: ='Sample Conc Calc'!AF436 -> #DIV/0! | D11: ='Sample Conc Calc'!AG436 -> #DIV/0! | E11: ='Sample Conc Calc'!AH436 -> #DIV/0! | F11: ='Sample Conc Calc'!AI436 -> #DIV/0! | G11: ='Sample Conc Calc'!AJ436 -> #DIV/0! | H11: ='Sample Conc Calc'!AK436 -> #DIV/0! | I11: ='Sample Conc Calc'!AL436 -> #DIV/0! | J11: ='Sample Conc Calc'!AM436 -> #DIV/0! | ... EV11: ='Sample Conc Calc'!FY436 -> #DIV/0!
A12: ='Analyte List'!A13 -> Phenanthrene | B12: ='Analyte List'!K13 -> 0 | C12: ='Sample Conc Calc'!AF437 -> #DIV/0! | D12: ='Sample Conc Calc'!AG437 -> #DIV/0! | E12: ='Sample Conc Calc'!AH437 -> #DIV/0! | F12: ='Sample Conc Calc'!AI437 -> #DIV/0! | G12: ='Sample Conc Calc'!AJ437 -> #DIV/0! | H12: ='Sample Conc Calc'!AK437 -> #DIV/0! | I12: ='Sample Conc Calc'!AL437 -> #DIV/0! | J12: ='Sample Conc Calc'!AM437 -> #DIV/0! | ... EV12: ='Sample Conc Calc'!FY437 -> #DIV/0!
A13: ='Analyte List'!A14 -> Anthracene | B13: ='Analyte List'!K14 -> 0 | C13: ='Sample Conc Calc'!AF438 -> #DIV/0! | D13: ='Sample Conc Calc'!AG438 -> #DIV/0! | E13: ='Sample Conc Calc'!AH438 -> #DIV/0! | F13: ='Sample Conc Calc'!AI438 -> #DIV/0! | G13: ='Sample Conc Calc'!AJ438 -> #DIV/0! | H13: ='Sample Conc Calc'!AK438 -> #DIV/0! | I13: ='Sample Conc Calc'!AL438 -> #DIV/0! | J13: ='Sample Conc Calc'!AM438 -> #DIV/0! | ... EV13: ='Sample Conc Calc'!FY438 -> #DIV/0!
A14: ='Analyte List'!A15 -> Fluoranthene | B14: ='Analyte List'!K15 -> 0 | C14: ='Sample Conc Calc'!AF439 -> #DIV/0! | D14: ='Sample Conc Calc'!AG439 -> #DIV/0! | E14: ='Sample Conc Calc'!AH439 -> #DIV/0! | F14: ='Sample Conc Calc'!AI439 -> #DIV/0! | G14: ='Sample Conc Calc'!AJ439 -> #DIV/0! | H14: ='Sample Conc Calc'!AK439 -> #DIV/0! | I14: ='Sample Conc Calc'!AL439 -> #DIV/0! | J14: ='Sample Conc Calc'!AM439 -> #DIV/0! | ... EV14: ='Sample Conc Calc'!FY439 -> #DIV/0!
A15: ='Analyte List'!A16 -> Pyrene | B15: ='Analyte List'!K16 -> 0 | C15: ='Sample Conc Calc'!AF440 -> #DIV/0! | D15: ='Sample Conc Calc'!AG440 -> #DIV/0! | E15: ='Sample Conc Calc'!AH440 -> #DIV/0! | F15: ='Sample Conc Calc'!AI440 -> #DIV/0! | G15: ='Sample Conc Calc'!AJ440 -> #DIV/0! | H15: ='Sample Conc Calc'!AK440 -> #DIV/0! | I15: ='Sample Conc Calc'!AL440 -> #DIV/0! | J15: ='Sample Conc Calc'!AM440 -> #DIV/0! | ... EV15: ='Sample Conc Calc'!FY440 -> #DIV/0!
A16: ='Analyte List'!A17 -> Benz(a)anthracene | B16: ='Analyte List'!K17 -> 0 | C16: ='Sample Conc Calc'!AF441 -> #DIV/0! | D16: ='Sample Conc Calc'!AG441 -> #DIV/0! | E16: ='Sample Conc Calc'!AH441 -> #DIV/0! | F16: ='Sample Conc Calc'!AI441 -> #DIV/0! | G16: ='Sample Conc Calc'!AJ441 -> #DIV/0! | H16: ='Sample Conc Calc'!AK441 -> #DIV/0! | I16: ='Sample Conc Calc'!AL441 -> #DIV/0! | J16: ='Sample Conc Calc'!AM441 -> #DIV/0! | ... EV16: ='Sample Conc Calc'!FY441 -> #DIV/0!
A17: ='Analyte List'!A18 -> Chrysene | B17: ='Analyte List'!K18 -> 0 | C17: ='Sample Conc Calc'!AF442 -> #DIV/0! | D17: ='Sample Conc Calc'!AG442 -> #DIV/0! | E17: ='Sample Conc Calc'!AH442 -> #DIV/0! | F17: ='Sample Conc Calc'!AI442 -> #DIV/0! | G17: ='Sample Conc Calc'!AJ442 -> #DIV/0! | H17: ='Sample Conc Calc'!AK442 -> #DIV/0! | I17: ='Sample Conc Calc'!AL442 -> #DIV/0! | J17: ='Sample Conc Calc'!AM442 -> #DIV/0! | ... EV17: ='Sample Conc Calc'!FY442 -> #DIV/0!
A18: ='Analyte List'!A19 -> Benzo(b)fluoranthracene | B18: ='Analyte List'!K19 -> 0 | C18: ='Sample Conc Calc'!AF443 -> #DIV/0! | D18: ='Sample Conc Calc'!AG443 -> #DIV/0! | E18: ='Sample Conc Calc'!AH443 -> #DIV/0! | F18: ='Sample Conc Calc'!AI443 -> #DIV/0! | G18: ='Sample Conc Calc'!AJ443 -> #DIV/0! | H18: ='Sample Conc Calc'!AK443 -> #DIV/0! | I18: ='Sample Conc Calc'!AL443 -> #DIV/0! | J18: ='Sample Conc Calc'!AM443 -> #DIV/0! | ... EV18: ='Sample Conc Calc'!FY443 -> #DIV/0!
A19: ='Analyte List'!A20 -> Benzo(k)fluoranthracene | B19: ='Analyte List'!K20 -> 0 | C19: ='Sample Conc Calc'!AF444 -> #DIV/0! | D19: ='Sample Conc Calc'!AG444 -> #DIV/0! | E19: ='Sample Conc Calc'!AH444 -> #DIV/0! | F19: ='Sample Conc Calc'!AI444 -> #DIV/0! | G19: ='Sample Conc Calc'!AJ444 -> #DIV/0! | H19: ='Sample Conc Calc'!AK444 -> #DIV/0! | I19: ='Sample Conc Calc'!AL444 -> #DIV/0! | J19: ='Sample Conc Calc'!AM444 -> #DIV/0! | ... EV19: ='Sample Conc Calc'!FY444 -> #DIV/0!
... A23: ='Analyte List'!A24 -> Benzo(g,h,i)perylene | B23: ='Analyte List'!K24 -> 0 | C23: ='Sample Conc Calc'!AF448 -> #DIV/0! | D23: ='Sample Conc Calc'!AG448 -> #DIV/0! | E23: ='Sample Conc Calc'!AH448 -> #DIV/0! | F23: ='Sample Conc Calc'!AI448 -> #DIV/0! | G23: ='Sample Conc Calc'!AJ448 -> #DIV/0! | H23: ='Sample Conc Calc'!AK448 -> #DIV/0! | I23: ='Sample Conc Calc'!AL448 -> #DIV/0! | J23: ='Sample Conc Calc'!AM448 -> #DIV/0! | ... EV23: ='Sample Conc Calc'!FY448 -> #DIV/0!

Sheet Results-APAHs
A1: ='Cover Page'!B2 -> Report Title
A2: ='Cover Page'!B3 -> Report Number
A3: ='Cover Page'!B4 -> Revision
A6: Analyte | B6: Limit of Detection (add units)* | C6: Sample Concentration (add units) | M6: =C6 -> Sample Concentration (add units) | X6: =C6 -> Sample Concentration (add units) | AI6: =C6 -> Sample Concentration (add units) | AT6: =C6 -> Sample Concentration (add units) | BE6: =C6 -> Sample Concentration (add units) | BP6: =C6 -> Sample Concentration (add units) | CA6: =C6 -> Sample Concentration (add units) | CL6: =C6 -> Sample Concentration (add units) | CY6: =C6 -> Sample Concentration (add units) | DL6: =C6 -> Sample Concentration (add units) | DY6: =C6 -> Sample Concentration (add units) | EL6: =C6 -> Sample Concentration (add units)
C7: ='Sample Set Info'!B32 -> 0 | D7: ='Sample Set Info'!B33 -> 0 | E7: ='Sample Set Info'!B34 -> 0 | F7: ='Sample Set Info'!B35 -> 0 | G7: ='Sample Set Info'!B36 -> 0 | H7: ='Sample Set Info'!B37 -> 0 | I7: ='Sample Set Info'!B38 -> 0 | J7: ='Sample Set Info'!B39 -> 0 | K7: ='Sample Set Info'!B40 -> 0 | L7: ='Sample Set Info'!B41 -> 0 | M7: ='Sample Set Info'!B42 -> 0 | N7: ='Sample Set Info'!B43 -> 0 | O7: ='Sample Set Info'!B44 -> 0 | P7: ='Sample Set Info'!B45 -> 0 | Q7: ='Sample Set Info'!B46 -> 0 | R7: ='Sample Set Info'!B47 -> 0 | S7: ='Sample Set Info'!B48 -> 0 | T7: ='Sample Set Info'!B49 -> 0 | U7: ='Sample Set Info'!B50 -> 0 | V7: ='Sample Set Info'!B51 -> 0 | W7: ='Sample Set Info'!B52 -> 0 | X7: ='Sample Set Info'!B53 -> 0 | Y7: ='Sample Set Info'!B54 -> 0 | Z7: ='Sample Set Info'!B55 -> 0 | AA7: ='Sample Set Info'!B56 -> 0 | AB7: ='Sample Set Info'!B57 -> 0 | AC7: ='Sample Set Info'!B58 -> 0 | AD7: ='Sample Set Info'!B59 -> 0 | AE7: ='Sample Set Info'!B60 -> 0 | AF7: ='Sample Set Info'!B61 -> 0 | AG7: ='Sample Set Info'!B62 -> 0 | AH7: ='Sample Set Info'!B63 -> 0 | AI7: ='Sample Set Info'!B64 -> 0 | AJ7: ='Sample Set Info'!B65 -> 0 | AK7: ='Sample Set Info'!B66 -> 0 | AL7: ='Sample Set Info'!B67 -> 0 | AM7: ='Sample Set Info'!B68 -> 0 | AN7: ='Sample Set Info'!B69 -> 0 | AO7: ='Sample Set Info'!B70 -> 0 | AP7: ='Sample Set Info'!B71 -> 0 | AQ7: ='Sample Set Info'!B72 -> 0 | AR7: ='Sample Set Info'!B73 -> 0 | AS7: ='Sample Set Info'!B74 -> 0 | AT7: ='Sample Set Info'!B75 -> 0 | AU7: ='Sample Set Info'!B76 -> 0 | AV7: ='Sample Set Info'!B77 -> 0 | AW7: ='Sample Set Info'!B78 -> 0 | AX7: ='Sample Set Info'!B79 -> 0 | AY7: ='Sample Set Info'!B80 -> 0 | AZ7: ='Sample Set Info'!B81 -> 0 | BA7: ='Sample Set Info'!B82 -> 0 | BB7: ='Sample Set Info'!B83 -> 0 | BC7: ='Sample Set Info'!B84 -> 0 | BD7: ='Sample Set Info'!B85 -> 0 | BE7: ='Sample Set Info'!B86 -> 0 | BF7: ='Sample Set Info'!B87 -> 0 | BG7: ='Sample Set Info'!B88 -> 0 | BH7: ='Sample Set Info'!B89 -> 0 | BI7: ='Sample Set Info'!B90 -> 0 | BJ7: ='Sample Set Info'!B91 -> 0 | BK7: ='Sample Set Info'!B92 -> 0 | BL7: ='Sample Set Info'!B93 -> 0 | BM7: ='Sample Set Info'!B94 -> 0 | BN7: ='Sample Set Info'!B95 -> 0 | BO7: ='Sample Set Info'!B96 -> 0 | BP7: ='Sample Set Info'!B97 -> 0 | BQ7: ='Sample Set Info'!B98 -> 0 | BR7: ='Sample Set Info'!B99 -> 0 | BS7: ='Sample Set Info'!B100 -> 0 | BT7: ='Sample Set Info'!B101 -> 0 | BU7: ='Sample Set Info'!B102 -> 0 | BV7: ='Sample Set Info'!B103 -> 0 | BW7: ='Sample Set Info'!B104 -> 0 | BX7: ='Sample Set Info'!B105 -> 0 | BY7: ='Sample Set Info'!B106 -> 0 | BZ7: ='Sample Set Info'!B107 -> 0 | CA7: ='Sample Set Info'!B108 -> 0 | CB7: ='Sample Set Info'!B109 -> 0 | CC7: ='Sample Set Info'!B110 -> 0 | CD7: ='Sample Set Info'!B111 -> 0 | CE7: ='Sample Set Info'!B112 -> 0 | CF7: ='Sample Set Info'!B113 -> 0 | CG7: ='Sample Set Info'!B114 -> 0 | CH7: ='Sample Set Info'!B115 -> 0 | CI7: ='Sample Set Info'!B116 -> 0 | CJ7: ='Sample Set Info'!B117 -> 0 | CK7: ='Sample Set Info'!B118 -> 0 | CL7: ='Sample Set Info'!B119 -> 0 | CM7: ='Sample Set Info'!B120 -> 0 | CN7: ='Sample Set Info'!B121 -> 0 | CO7: ='Sample Set Info'!B122 -> 0 | CP7: ='Sample Set Info'!B123 -> 0 | CQ7: ='Sample Set Info'!B124 -> 0 | CR7: ='Sample Set Info'!B125 -> 0 | CS7: ='Sample Set Info'!B126 -> 0 | CT7: ='Sample Set Info'!B127 -> 0 | CU7: ='Sample Set Info'!B128 -> 0 | CV7: ='Sample Set Info'!B129 -> 0 | CW7: ='Sample Set Info'!B130 -> 0 | CX7: ='Sample Set Info'!B131 -> 0 | CY7: ='Sample Set Info'!B132 -> 0 | CZ7: ='Sample Set Info'!B133 -> 0 | DA7: ='Sample Set Info'!B134 -> 0 | DB7: ='Sample Set Info'!B135 -> 0 | DC7: ='Sample Set Info'!B136 -> 0 | DD7: ='Sample Set Info'!B137 -> 0 | DE7: ='Sample Set Info'!B138 -> 0 | DF7: ='Sample Set Info'!B139 -> 0 | DG7: ='Sample Set Info'!B140 -> 0 | DH7: ='Sample Set Info'!B141 -> 0 | DI7: ='Sample Set Info'!B142 -> 0 | DJ7: ='Sample Set Info'!B143 -> 0 | DK7: ='Sample Set Info'!B144 -> 0 | DL7: ='Sample Set Info'!B145 -> 0 | DM7: ='Sample Set Info'!B146 -> 0 | DN7: ='Sample Set Info'!B147 -> 0 | DO7: ='Sample Set Info'!B148 -> 0 | DP7: ='Sample Set Info'!B149 -> 0 | DQ7: ='Sample Set Info'!B150 -> 0 | DR7: ='Sample Set Info'!B151 -> 0 | DS7: ='Sample Set Info'!B152 -> 0 | DT7: ='Sample Set Info'!B153 -> 0 | DU7: ='Sample Set Info'!B154 -> 0 | DV7: ='Sample Set Info'!B155 -> 0 | DW7: ='Sample Set Info'!B156 -> 0 | DX7: ='Sample Set Info'!B157 -> 0 | DY7: ='Sample Set Info'!B158 -> 0 | DZ7: ='Sample Set Info'!B159 -> 0 | EA7: ='Sample Set Info'!B160 -> 0 | EB7: ='Sample Set Info'!B161 -> 0 | EC7: ='Sample Set Info'!B162 -> 0 | ED7: ='Sample Set Info'!B163 -> 0 | EE7: ='Sample Set Info'!B164 -> 0 | EF7: ='Sample Set Info'!B165 -> 0 | EG7: ='Sample Set Info'!B166 -> 0 | EH7: ='Sample Set Info'!B167 -> 0 | EI7: ='Sample Set Info'!B168 -> 0 | EJ7: ='Sample Set Info'!B169 -> 0 | EK7: ='Sample Set Info'!B170 -> 0 | EL7: ='Sample Set Info'!B171 -> 0 | EM7: ='Sample Set Info'!B172 -> 0 | EN7: ='Sample Set Info'!B173 -> 0 | EO7: ='Sample Set Info'!B174 -> 0 | EP7: ='Sample Set Info'!B175 -> 0 | EQ7: ='Sample Set Info'!B176 -> 0 | ER7: ='Sample Set Info'!B177 -> 0 | ES7: ='Sample Set Info'!B178 -> 0 | ET7: ='Sample Set Info'!B179 -> 0 | EU7: ='Sample Set Info'!B180 -> 0 | EV7: ='Sample Set Info'!B181 -> 0
A8: 2-Methylnapthalene | B8: ='Analyte List'!K28 -> 0 | C8: ='Sample Conc Calc'!AF452 -> #DIV/0!
A9: 1-Methylnapthalene | B9: ='Analyte List'!K29 -> 0 | C9: ='Sample Conc Calc'!AF453 -> #DIV/0!
A10: C2-Naphthalene | B10: ='Analyte List'!K30 -> 0 | C10: ='Sample Conc Calc'!AF454 -> #DIV/0!
A11: C3-Naphthalene | B11: ='Analyte List'!K34 -> 0 | C11: ='Sample Conc Calc'!AF458 -> #DIV/0!
A12: C2-Fluorene | B12: ='Analyte List'!K36 -> 0 | C12: ='Sample Conc Calc'!AF460 -> #DIV/0!
A13: C4 Naphthalene | B13: ='Analyte List'!K41 -> 0 | C13: ='Sample Conc Calc'!AF465 -> #DIV/0!
A14: C1-Fluorene | B14: ='Analyte List'!K43 -> 0 | C14: ='Sample Conc Calc'!AF467 -> #DIV/0!
A15: Dibenzothiophene | B15: ='Analyte List'!K45 -> 0 | C15: ='Sample Conc Calc'!AF469 -> #DIV/0!
A16: C3-Fluorene | B16: ='Analyte List'!K48 -> 0 | C16: ='Sample Conc Calc'!AF472 -> #DIV/0!
A17: C4-Fluorene | B17: ='Analyte List'!K53 -> 0 | C17: ='Sample Conc Calc'!AF477 -> #DIV/0!
A18: C1-Dibenzothiophene | B18: ='Analyte List'!K55 -> 0 | C18: ='Sample Conc Calc'!AF479 -> #DIV/0!
A19: 3-Methylphenanthrene | B19: ='Analyte List'!K58 -> 0 | C19: ='Sample Conc Calc'!AF482 -> #DIV/0!
A20: C1-Phenanthrene / C1-Anthacene | B20: ='Analyte List'!K59 -> 0 | C20: ='Sample Conc Calc'!AF483 -> #VALUE!
A21: 9/4-Methylphenanthrene | B21: ='Analyte List'!K61 -> 0 | C21: ='Sample Conc Calc'!AF485 -> #DIV/0!
A22: 1-Methylphenanthrene | B22: ='Analyte List'!K62 -> 0 | C22: ='Sample Conc Calc'!AF486 -> #DIV/0!
A23: 3,6-Dimethylphenanthrene | B23: ='Analyte List'!K63 -> 0 | C23: ='Sample Conc Calc'!AF487 -> #DIV/0!
A24: 2,6-Dimethylphenanthrene | B24: ='Analyte List'!K64 -> 0 | C24: ='Sample Conc Calc'!AF488 -> #DIV/0!
A25: C2-Phenanthrene / C2-Anthracene | B25: ='Analyte List'!K65 -> 0 | C25: ='Sample Conc Calc'!AF489 -> #DIV/0!
A26: 1,3-Dimethylphenanthrene | B26: ='Analyte List'!K66 -> 0 | C26: ='Sample Conc Calc'!AF490 -> #DIV/0!
A27: C3-Dibenzothiophene | B27: ='Analyte List'!K70 -> 0 | C27: ='Sample Conc Calc'!AF494 -> #VALUE!
A28: ='Analyte List'!A72 -> 3,6-DiMeCar | B28: ='Analyte List'!K72 -> 0 | C28: ='Sample Conc Calc'!AF496 -> #VALUE!
A29: 1,7-Dimethylphenanthrene | B29: ='Analyte List'!K73 -> 0 | C29: ='Sample Conc Calc'!AF497 -> #DIV/0!
A30: C2-Dibenzothiophene | B30: ='Analyte List'!K74 -> 0 | C30: ='Sample Conc Calc'!AF498 -> #DIV/0!
A31: ='Analyte List'!A76 -> 2-Br-DBT | B31: ='Analyte List'!K76 -> 0 | C31: ='Sample Conc Calc'!AF500 -> #VALUE!
A32: 1,8-Dimethylphenanthrene | B32: ='Analyte List'!K77 -> 0 | C32: ='Sample Conc Calc'!AF501 -> #DIV/0!
A33: C4-Dibenzothiophene | B33: ='Analyte List'!K81 -> 0 | C33: ='Sample Conc Calc'!AF505 -> #DIV/0!
A34: C3-Phenanthrene / C3-Anthracene | B34: ='Analyte List'!K85 -> 0 | C34: ='Sample Conc Calc'!AF509 -> #DIV/0!
A35: Retene | B35: ='Analyte List'!K87 -> 0 | C35: ='Sample Conc Calc'!AF511 -> #DIV/0!
A36: C1-Pyrene / C1-Fluoranthene | B36: ='Analyte List'!K88 -> 0 | C36: ='Sample Conc Calc'!AF512 -> #DIV/0!
A37: C4-Phenanthrene / C4-Anthracene | B37: ='Analyte List'!K93 -> 0 | C37: ='Sample Conc Calc'!AF517 -> #DIV/0!
A38: C2-Pyrene / C2-Fluoranthene | B38: ='Analyte List'!K95 -> 0 | C38: ='Sample Conc Calc'!AF519 -> #DIV/0!
A39: Benzo(b)naphtho(1,2-d)thiophene | B39: ='Analyte List'!K97 -> 0 | C39: ='Sample Conc Calc'!AF521 -> #DIV/0!
A40: Benzo(b)naphtho(2,3-d)thiophene | B40: ='Analyte List'!K98 -> 0 | C40: ='Sample Conc Calc'!AF522 -> #DIV/0!
A41: C3-Pyrene / C3-Fluoranthene | B41: ='Analyte List'!K101 -> 0 | C41: ='Sample Conc Calc'!AF525 -> #DIV/0!
A42: C4-Pyrene / C4-Fluoranthene | B42: ='Analyte List'!K106 -> 0 | C42: ='Sample Conc Calc'!AF530 -> #DIV/0!
A43: C1-Chrysene | B43: ='Analyte List'!K108 -> 0 | C43: ='Sample Conc Calc'!AF532 -> #DIV/0!
A44: C2-Chrysene | B44: ='Analyte List'!K110 -> 0 | C44: ='Sample Conc Calc'!AF534 -> #DIV/0!
A45: C3-Chrysene | B45: ='Analyte List'!K114 -> 0 | C45: ='Sample Conc Calc'!AF538 -> #DIV/0!
A46: C4-Chrysene | B46: ='Analyte List'!K119 -> 0 | C46: ='Sample Conc Calc'!AF543 -> #DIV/0!
A47: C1-Benzo(a)pyrene | B47: ='Analyte List'!K121 -> 0 | C47: ='Sample Conc Calc'!AF545 -> #DIV/0!
A48: C2-Benzo(a)pyrene | B48: 0 | C48: #DIV/0!

Sheet Results-HPACs
A1: ='Cover Page'!B2 -> Report Title | B1: ='Cover Page'!C2 -> 0
A2: ='Cover Page'!B3 -> Report Number | B2: ='Cover Page'!C3 -> 0
A3: ='Cover Page'!B4 -> Revision | B3: ='Cover Page'!C4 -> 0
A6: Analyte | B6: Limit of Detection (add units)* | C6: Sample Concentration (add units) | M6: =C6 -> Sample Concentration (add units) | X6: =C6 -> Sample Concentration (add units) | AI6: =C6 -> Sample Concentration (add units) | AT6: =C6 -> Sample Concentration (add units) | BE6: =C6 -> Sample Concentration (add units) | BP6: =C6 -> Sample Concentration (add units) | CA6: =C6 -> Sample Concentration (add units) | CL6: =C6 -> Sample Concentration (add units) | CY6: =C6 -> Sample Concentration (add units) | DL6: =C6 -> Sample Concentration (add units) | DY6: =C6 -> Sample Concentration (add units) | EL6: =C6 -> Sample Concentration (add units)
C7: ='Sample Set Info'!B32 -> 0 | D7: ='Sample Set Info'!B33 -> 0 | E7: ='Sample Set Info'!B34 -> 0 | F7: ='Sample Set Info'!B35 -> 0 | G7: ='Sample Set Info'!B36 -> 0 | H7: ='Sample Set Info'!B37 -> 0 | I7: ='Sample Set Info'!B38 -> 0 | J7: ='Sample Set Info'!B39 -> 0 | K7: ='Sample Set Info'!B40 -> 0 | L7: ='Sample Set Info'!B41 -> 0 | M7: ='Sample Set Info'!B42 -> 0 | N7: ='Sample Set Info'!B43 -> 0 | O7: ='Sample Set Info'!B44 -> 0 | P7: ='Sample Set Info'!B45 -> 0 | Q7: ='Sample Set Info'!B46 -> 0 | R7: ='Sample Set Info'!B47 -> 0 | S7: ='Sample Set Info'!B48 -> 0 | T7: ='Sample Set Info'!B49 -> 0 | U7: ='Sample Set Info'!B50 -> 0 | V7: ='Sample Set Info'!B51 -> 0 | W7: ='Sample Set Info'!B52 -> 0 | X7: ='Sample Set Info'!B53 -> 0 | Y7: ='Sample Set Info'!B54 -> 0 | Z7: ='Sample Set Info'!B55 -> 0 | AA7: ='Sample Set Info'!B56 -> 0 | AB7: ='Sample Set Info'!B57 -> 0 | AC7: ='Sample Set Info'!B58 -> 0 | AD7: ='Sample Set Info'!B59 -> 0 | AE7: ='Sample Set Info'!B60 -> 0 | AF7: ='Sample Set Info'!B61 -> 0 | AG7: ='Sample Set Info'!B62 -> 0 | AH7: ='Sample Set Info'!B63 -> 0 | AI7: ='Sample Set Info'!B64 -> 0 | AJ7: ='Sample Set Info'!B65 -> 0 | AK7: ='Sample Set Info'!B66 -> 0 | AL7: ='Sample Set Info'!B67 -> 0 | AM7: ='Sample Set Info'!B68 -> 0 | AN7: ='Sample Set Info'!B69 -> 0 | AO7: ='Sample Set Info'!B70 -> 0 | AP7: ='Sample Set Info'!B71 -> 0 | AQ7: ='Sample Set Info'!B72 -> 0 | AR7: ='Sample Set Info'!B73 -> 0 | AS7: ='Sample Set Info'!B74 -> 0 | AT7: ='Sample Set Info'!B75 -> 0 | AU7: ='Sample Set Info'!B76 -> 0 | AV7: ='Sample Set Info'!B77 -> 0 | AW7: ='Sample Set Info'!B78 -> 0 | AX7: ='Sample Set Info'!B79 -> 0 | AY7: ='Sample Set Info'!B80 -> 0 | AZ7: ='Sample Set Info'!B81 -> 0 | BA7: ='Sample Set Info'!B82 -> 0 | BB7: ='Sample Set Info'!B83 -> 0 | BC7: ='Sample Set Info'!B84 -> 0 | BD7: ='Sample Set Info'!B85 -> 0 | BE7: ='Sample Set Info'!B86 -> 0 | BF7: ='Sample Set Info'!B87 -> 0 | BG7: ='Sample Set Info'!B88 -> 0 | BH7: ='Sample Set Info'!B89 -> 0 | BI7: ='Sample Set Info'!B90 -> 0 | BJ7: ='Sample Set Info'!B91 -> 0 | BK7: ='Sample Set Info'!B92 -> 0 | BL7: ='Sample Set Info'!B93 -> 0 | BM7: ='Sample Set Info'!B94 -> 0 | BN7: ='Sample Set Info'!B95 -> 0 | BO7: ='Sample Set Info'!B96 -> 0 | BP7: ='Sample Set Info'!B97 -> 0 | BQ7: ='Sample Set Info'!B98 -> 0 | BR7: ='Sample Set Info'!B99 -> 0 | BS7: ='Sample Set Info'!B100 -> 0 | BT7: ='Sample Set Info'!B101 -> 0 | BU7: ='Sample Set Info'!B102 -> 0 | BV7: ='Sample Set Info'!B103 -> 0 | BW7: ='Sample Set Info'!B104 -> 0 | BX7: ='Sample Set Info'!B105 -> 0 | BY7: ='Sample Set Info'!B106 -> 0 | BZ7: ='Sample Set Info'!B107 -> 0 | CA7: ='Sample Set Info'!B108 -> 0 | CB7: ='Sample Set Info'!B109 -> 0 | CC7: ='Sample Set Info'!B110 -> 0 | CD7: ='Sample Set Info'!B111 -> 0 | CE7: ='Sample Set Info'!B112 -> 0 | CF7: ='Sample Set Info'!B113 -> 0 | CG7: ='Sample Set Info'!B114 -> 0 | CH7: ='Sample Set Info'!B115 -> 0 | CI7: ='Sample Set Info'!B116 -> 0 | CJ7: ='Sample Set Info'!B117 -> 0 | CK7: ='Sample Set Info'!B118 -> 0 | CL7: ='Sample Set Info'!B119 -> 0 | CM7: ='Sample Set Info'!B120 -> 0 | CN7: ='Sample Set Info'!B121 -> 0 | CO7: ='Sample Set Info'!B122 -> 0 | CP7: ='Sample Set Info'!B123 -> 0 | CQ7: ='Sample Set Info'!B124 -> 0 | CR7: ='Sample Set Info'!B125 -> 0 | CS7: ='Sample Set Info'!B126 -> 0 | CT7: ='Sample Set Info'!B127 -> 0 | CU7: ='Sample Set Info'!B128 -> 0 | CV7: ='Sample Set Info'!B129 -> 0 | CW7: ='Sample Set Info'!B130 -> 0 | CX7: ='Sample Set Info'!B131 -> 0 | CY7: ='Sample Set Info'!B132 -> 0 | CZ7: ='Sample Set Info'!B133 -> 0 | DA7: ='Sample Set Info'!B134 -> 0 | DB7: ='Sample Set Info'!B135 -> 0 | DC7: ='Sample Set Info'!B136 -> 0 | DD7: ='Sample Set Info'!B137 -> 0 | DE7: ='Sample Set Info'!B138 -> 0 | DF7: ='Sample Set Info'!B139 -> 0 | DG7: ='Sample Set Info'!B140 -> 0 | DH7: ='Sample Set Info'!B141 -> 0 | DI7: ='Sample Set Info'!B142 -> 0 | DJ7: ='Sample Set Info'!B143 -> 0 | DK7: ='Sample Set Info'!B144 -> 0 | DL7: ='Sample Set Info'!B145 -> 0 | DM7: ='Sample Set Info'!B146 -> 0 | DN7: ='Sample Set Info'!B147 -> 0 | DO7: ='Sample Set Info'!B148 -> 0 | DP7: ='Sample Set Info'!B149 -> 0 | DQ7: ='Sample Set Info'!B150 -> 0 | DR7: ='Sample Set Info'!B151 -> 0 | DS7: ='Sample Set Info'!B152 -> 0 | DT7: ='Sample Set Info'!B153 -> 0 | DU7: ='Sample Set Info'!B154 -> 0 | DV7: ='Sample Set Info'!B155 -> 0 | DW7: ='Sample Set Info'!B156 -> 0 | DX7: ='Sample Set Info'!B157 -> 0 | DY7: ='Sample Set Info'!B158 -> 0 | DZ7: ='Sample Set Info'!B159 -> 0 | EA7: ='Sample Set Info'!B160 -> 0 | EB7: ='Sample Set Info'!B161 -> 0 | EC7: ='Sample Set Info'!B162 -> 0 | ED7: ='Sample Set Info'!B163 -> 0 | EE7: ='Sample Set Info'!B164 -> 0 | EF7: ='Sample Set Info'!B165 -> 0 | EG7: ='Sample Set Info'!B166 -> 0 | EH7: ='Sample Set Info'!B167 -> 0 | EI7: ='Sample Set Info'!B168 -> 0 | EJ7: ='Sample Set Info'!B169 -> 0 | EK7: ='Sample Set Info'!B170 -> 0 | EL7: ='Sample Set Info'!B171 -> 0 | EM7: ='Sample Set Info'!B172 -> 0 | EN7: ='Sample Set Info'!B173 -> 0 | EO7: ='Sample Set Info'!B174 -> 0 | EP7: ='Sample Set Info'!B175 -> 0 | EQ7: ='Sample Set Info'!B176 -> 0 | ER7: ='Sample Set Info'!B177 -> 0 | ES7: ='Sample Set Info'!B178 -> 0 | ET7: ='Sample Set Info'!B179 -> 0 | EU7: ='Sample Set Info'!B180 -> 0 | EV7: ='Sample Set Info'!B181 -> 0
A8: ='Analyte List'!A128 -> 2,3-Dibromothiophene | B8: ='Analyte List'!K128 -> 0 | C8: ='Sample Conc Calc'!AF552 -> #VALUE! | D8: ='Sample Conc Calc'!AG552 -> #VALUE! | E8: ='Sample Conc Calc'!AH552 -> #VALUE! | F8: ='Sample Conc Calc'!AI552 -> #VALUE! | G8: ='Sample Conc Calc'!AJ552 -> #VALUE! | H8: ='Sample Conc Calc'!AK552 -> #VALUE! | I8: ='Sample Conc Calc'!AL552 -> #VALUE! | J8: ='Sample Conc Calc'!AM552 -> #VALUE! | ... EV8: ='Sample Conc Calc'!FY552 -> #DIV/0!
A9: ='Analyte List'!A129 -> Quinoline | B9: ='Analyte List'!K129 -> 0 | C9: ='Sample Conc Calc'!AF553 -> #DIV/0! | D9: ='Sample Conc Calc'!AG553 -> #DIV/0! | E9: ='Sample Conc Calc'!AH553 -> #DIV/0! | F9: ='Sample Conc Calc'!AI553 -> #DIV/0! | G9: ='Sample Conc Calc'!AJ553 -> #DIV/0! | H9: ='Sample Conc Calc'!AK553 -> #DIV/0! | I9: ='Sample Conc Calc'!AL553 -> #DIV/0! | J9: ='Sample Conc Calc'!AM553 -> #DIV/0! | ... EV9: ='Sample Conc Calc'!FY553 -> #DIV/0!
A10: ='Analyte List'!A130 -> Isoquinoline | B10: ='Analyte List'!K130 -> 0 | C10: ='Sample Conc Calc'!AF554 -> #DIV/0! | D10: ='Sample Conc Calc'!AG554 -> #DIV/0! | E10: ='Sample Conc Calc'!AH554 -> #DIV/0! | F10: ='Sample Conc Calc'!AI554 -> #DIV/0! | G10: ='Sample Conc Calc'!AJ554 -> #DIV/0! | H10: ='Sample Conc Calc'!AK554 -> #DIV/0! | I10: ='Sample Conc Calc'!AL554 -> #DIV/0! | J10: ='Sample Conc Calc'!AM554 -> #DIV/0! | ... EV10: ='Sample Conc Calc'!FY554 -> #DIV/0!
A11: ='Analyte List'!A131 -> Indole | B11: ='Analyte List'!K131 -> 0 | C11: ='Sample Conc Calc'!AF555 -> #DIV/0! | D11: ='Sample Conc Calc'!AG555 -> #DIV/0! | E11: ='Sample Conc Calc'!AH555 -> #DIV/0! | F11: ='Sample Conc Calc'!AI555 -> #DIV/0! | G11: ='Sample Conc Calc'!AJ555 -> #DIV/0! | H11: ='Sample Conc Calc'!AK555 -> #DIV/0! | I11: ='Sample Conc Calc'!AL555 -> #DIV/0! | J11: ='Sample Conc Calc'!AM555 -> #DIV/0! | ... EV11: ='Sample Conc Calc'!FY555 -> #DIV/0!
A12: ='Analyte List'!A132 -> Methylquinoline 2-Mequinoline | B12: ='Analyte List'!K132 -> 0 | C12: ='Sample Conc Calc'!AF556 -> #DIV/0! | D12: ='Sample Conc Calc'!AG556 -> #DIV/0! | E12: ='Sample Conc Calc'!AH556 -> #DIV/0! | F12: ='Sample Conc Calc'!AI556 -> #DIV/0! | G12: ='Sample Conc Calc'!AJ556 -> #DIV/0! | H12: ='Sample Conc Calc'!AK556 -> #DIV/0! | I12: ='Sample Conc Calc'!AL556 -> #DIV/0! | J12: ='Sample Conc Calc'!AM556 -> #DIV/0! | ... EV12: ='Sample Conc Calc'!FY556 -> #DIV/0!
A13: ='Analyte List'!A133 -> 4-Methylbenzothiophene | B13: ='Analyte List'!K133 -> 0 | C13: ='Sample Conc Calc'!AF557 -> #DIV/0! | D13: ='Sample Conc Calc'!AG557 -> #DIV/0! | E13: ='Sample Conc Calc'!AH557 -> #DIV/0! | F13: ='Sample Conc Calc'!AI557 -> #DIV/0! | G13: ='Sample Conc Calc'!AJ557 -> #DIV/0! | H13: ='Sample Conc Calc'!AK557 -> #DIV/0! | I13: ='Sample Conc Calc'!AL557 -> #DIV/0! | J13: ='Sample Conc Calc'!AM557 -> #DIV/0! | ... EV13: ='Sample Conc Calc'!FY557 -> #DIV/0!
A14: ='Analyte List'!A134 -> Methylquinoline 3-Meisoquinoline | B14: ='Analyte List'!K134 -> 0 | C14: ='Sample Conc Calc'!AF558 -> #DIV/0! | D14: ='Sample Conc Calc'!AG558 -> #DIV/0! | E14: ='Sample Conc Calc'!AH558 -> #DIV/0! | F14: ='Sample Conc Calc'!AI558 -> #DIV/0! | G14: ='Sample Conc Calc'!AJ558 -> #DIV/0! | H14: ='Sample Conc Calc'!AK558 -> #DIV/0! | I14: ='Sample Conc Calc'!AL558 -> #DIV/0! | J14: ='Sample Conc Calc'!AM558 -> #DIV/0! | ... EV14: ='Sample Conc Calc'!FY558 -> #DIV/0!
A15: ='Analyte List'!A135 -> 5-chlorobenzothiophene | B15: ='Analyte List'!K135 -> 0 | C15: ='Sample Conc Calc'!AF559 -> #VALUE! | D15: ='Sample Conc Calc'!AG559 -> #VALUE! | E15: ='Sample Conc Calc'!AH559 -> #VALUE! | F15: ='Sample Conc Calc'!AI559 -> #VALUE! | G15: ='Sample Conc Calc'!AJ559 -> #VALUE! | H15: ='Sample Conc Calc'!AK559 -> #VALUE! | I15: ='Sample Conc Calc'!AL559 -> #VALUE! | J15: ='Sample Conc Calc'!AM559 -> #VALUE! | ... EV15: ='Sample Conc Calc'!FY559 -> #DIV/0!
A16: ='Analyte List'!A136 -> 2,3-Dimethylbenzothiophene | B16: ='Analyte List'!K136 -> 0 | C16: ='Sample Conc Calc'!AF560 -> #DIV/0! | D16: ='Sample Conc Calc'!AG560 -> #DIV/0! | E16: ='Sample Conc Calc'!AH560 -> #DIV/0! | F16: ='Sample Conc Calc'!AI560 -> #DIV/0! | G16: ='Sample Conc Calc'!AJ560 -> #DIV/0! | H16: ='Sample Conc Calc'!AK560 -> #DIV/0! | I16: ='Sample Conc Calc'!AL560 -> #DIV/0! | J16: ='Sample Conc Calc'!AM560 -> #DIV/0! | ... EV16: ='Sample Conc Calc'!FY560 -> #DIV/0!
A17: ='Analyte List'!A137 -> 2-Chloroquinoline | B17: ='Analyte List'!K137 -> 0 | C17: ='Sample Conc Calc'!AF561 -> #DIV/0! | D17: ='Sample Conc Calc'!AG561 -> #DIV/0! | E17: ='Sample Conc Calc'!AH561 -> #DIV/0! | F17: ='Sample Conc Calc'!AI561 -> #DIV/0! | G17: ='Sample Conc Calc'!AJ561 -> #DIV/0! | H17: ='Sample Conc Calc'!AK561 -> #DIV/0! | I17: ='Sample Conc Calc'!AL561 -> #DIV/0! | J17: ='Sample Conc Calc'!AM561 -> #DIV/0! | ... EV17: ='Sample Conc Calc'!FY561 -> #DIV/0!
A18: ='Analyte List'!A138 -> 2-Bromobenzothiophene | B18: ='Analyte List'!K138 -> 0 | C18: ='Sample Conc Calc'!AF562 -> #DIV/0! | D18: ='Sample Conc Calc'!AG562 -> #DIV/0! | E18: ='Sample Conc Calc'!AH562 -> #DIV/0! | F18: ='Sample Conc Calc'!AI562 -> #DIV/0! | G18: ='Sample Conc Calc'!AJ562 -> #DIV/0! | H18: ='Sample Conc Calc'!AK562 -> #DIV/0! | I18: ='Sample Conc Calc'!AL562 -> #DIV/0! | J18: ='Sample Conc Calc'!AM562 -> #DIV/0! | ... EV18: ='Sample Conc Calc'!FY562 -> #DIV/0!
A19: ='Analyte List'!A139 -> 2,3-Dimethylindole | B19: ='Analyte List'!K139 -> 0 | C19: ='Sample Conc Calc'!AF563 -> #DIV/0! | D19: ='Sample Conc Calc'!AG563 -> #DIV/0! | E19: ='Sample Conc Calc'!AH563 -> #DIV/0! | F19: ='Sample Conc Calc'!AI563 -> #DIV/0! | G19: ='Sample Conc Calc'!AJ563 -> #DIV/0! | H19: ='Sample Conc Calc'!AK563 -> #DIV/0! | I19: ='Sample Conc Calc'!AL563 -> #DIV/0! | J19: ='Sample Conc Calc'!AM563 -> #DIV/0! | ... EV19: ='Sample Conc Calc'!FY563 -> #DIV/0!
... A36: ='Analyte List'!A156 -> 9-Chloroacridine | B36: ='Analyte List'!K156 -> 0 | C36: ='Sample Conc Calc'!AF580 -> #DIV/0! | D36: ='Sample Conc Calc'!AG580 -> #DIV/0! | E36: ='Sample Conc Calc'!AH580 -> #DIV/0! | F36: ='Sample Conc Calc'!AI580 -> #DIV/0! | G36: ='Sample Conc Calc'!AJ580 -> #DIV/0! | H36: ='Sample Conc Calc'!AK580 -> #DIV/0! | I36: ='Sample Conc Calc'!AL580 -> #DIV/0! | J36: ='Sample Conc Calc'!AM580 -> #DIV/0! | ... EV36: ='Sample Conc Calc'!FY580 -> #DIV/0!
A37: ='Analyte List'!A157 -> 9-bromoacridine | B37: ='Analyte List'!K158 -> 0 | C37: ='Sample Conc Calc'!AF581 -> #DIV/0! | D37: ='Sample Conc Calc'!AG581 -> #DIV/0! | E37: ='Sample Conc Calc'!AH581 -> #DIV/0! | F37: ='Sample Conc Calc'!AI581 -> #DIV/0! | G37: ='Sample Conc Calc'!AJ581 -> #DIV/0! | H37: ='Sample Conc Calc'!AK581 -> #DIV/0! | I37: ='Sample Conc Calc'!AL581 -> #DIV/0! | J37: ='Sample Conc Calc'!AM581 -> #DIV/0! | ... EV37: ='Sample Conc Calc'!FY581 -> #DIV/0!
A38: ='Analyte List'!A158 -> 2-Bromodibenzothiophene | B38: ='Analyte List'!K157 -> 0 | C38: ='Sample Conc Calc'!AF582 -> #DIV/0! | D38: ='Sample Conc Calc'!AG582 -> #DIV/0! | E38: ='Sample Conc Calc'!AH582 -> #DIV/0! | F38: ='Sample Conc Calc'!AI582 -> #DIV/0! | G38: ='Sample Conc Calc'!AJ582 -> #DIV/0! | H38: ='Sample Conc Calc'!AK582 -> #DIV/0! | I38: ='Sample Conc Calc'!AL582 -> #DIV/0! | J38: ='Sample Conc Calc'!AM582 -> #DIV/0! | ... EV38: ='Sample Conc Calc'!FY582 -> #DIV/0!
A39: ='Analyte List'!A159 -> Benzo[b]naphtho[2,3-d]furan | B39: ='Analyte List'!K159 -> 0 | C39: ='Sample Conc Calc'!AF583 -> #DIV/0! | D39: ='Sample Conc Calc'!AG583 -> #DIV/0! | E39: ='Sample Conc Calc'!AH583 -> #DIV/0! | F39: ='Sample Conc Calc'!AI583 -> #DIV/0! | G39: ='Sample Conc Calc'!AJ583 -> #DIV/0! | H39: ='Sample Conc Calc'!AK583 -> #DIV/0! | I39: ='Sample Conc Calc'!AL583 -> #DIV/0! | J39: ='Sample Conc Calc'!AM583 -> #DIV/0! | ... EV39: ='Sample Conc Calc'!FY583 -> #DIV/0!
A40: ='Analyte List'!A160 -> 3-Tert-butyl-9H-carbazole | B40: ='Analyte List'!K160 -> 0 | C40: ='Sample Conc Calc'!AF584 -> #DIV/0! | D40: ='Sample Conc Calc'!AG584 -> #DIV/0! | E40: ='Sample Conc Calc'!AH584 -> #DIV/0! | F40: ='Sample Conc Calc'!AI584 -> #DIV/0! | G40: ='Sample Conc Calc'!AJ584 -> #DIV/0! | H40: ='Sample Conc Calc'!AK584 -> #DIV/0! | I40: ='Sample Conc Calc'!AL584 -> #DIV/0! | J40: ='Sample Conc Calc'!AM584 -> #DIV/0! | ... EV40: ='Sample Conc Calc'!FY584 -> #DIV/0!
A41: ='Analyte List'!A161 -> 9-Phenylcarbazole | B41: ='Analyte List'!K161 -> 0 | C41: ='Sample Conc Calc'!AF585 -> #DIV/0! | D41: ='Sample Conc Calc'!AG585 -> #DIV/0! | E41: ='Sample Conc Calc'!AH585 -> #DIV/0! | F41: ='Sample Conc Calc'!AI585 -> #DIV/0! | G41: ='Sample Conc Calc'!AJ585 -> #DIV/0! | H41: ='Sample Conc Calc'!AK585 -> #DIV/0! | I41: ='Sample Conc Calc'!AL585 -> #DIV/0! | J41: ='Sample Conc Calc'!AM585 -> #DIV/0! | ... EV41: ='Sample Conc Calc'!FY585 -> #DIV/0!
A42: ='Analyte List'!A162 -> 3,6-Dichloro-9h-carbazole | B42: ='Analyte List'!K162 -> 0 | C42: ='Sample Conc Calc'!AF586 -> #DIV/0! | D42: ='Sample Conc Calc'!AG586 -> #DIV/0! | E42: ='Sample Conc Calc'!AH586 -> #DIV/0! | F42: ='Sample Conc Calc'!AI586 -> #DIV/0! | G42: ='Sample Conc Calc'!AJ586 -> #DIV/0! | H42: ='Sample Conc Calc'!AK586 -> #DIV/0! | I42: ='Sample Conc Calc'!AL586 -> #DIV/0! | J42: ='Sample Conc Calc'!AM586 -> #DIV/0! | ... EV42: ='Sample Conc Calc'!FY586 -> #DIV/0!
A43: ='Analyte List'!A163 -> 7,8,9,10-Tetrahydrobenzo[b]naphtho[2,3-d]thiophene | B43: ='Analyte List'!K163 -> 0 | C43: ='Sample Conc Calc'!AF587 -> #DIV/0! | D43: ='Sample Conc Calc'!AG587 -> #DIV/0! | E43: ='Sample Conc Calc'!AH587 -> #DIV/0! | F43: ='Sample Conc Calc'!AI587 -> #DIV/0! | G43: ='Sample Conc Calc'!AJ587 -> #DIV/0! | H43: ='Sample Conc Calc'!AK587 -> #DIV/0! | I43: ='Sample Conc Calc'!AL587 -> #DIV/0! | J43: ='Sample Conc Calc'!AM587 -> #DIV/0! | ... EV43: ='Sample Conc Calc'!FY587 -> #DIV/0!
A44: ='Analyte List'!A164 -> 2,8-Dibromodibenzothiophene | B44: ='Analyte List'!K164 -> 0 | C44: ='Sample Conc Calc'!AF588 -> #DIV/0! | D44: ='Sample Conc Calc'!AG588 -> #DIV/0! | E44: ='Sample Conc Calc'!AH588 -> #DIV/0! | F44: ='Sample Conc Calc'!AI588 -> #DIV/0! | G44: ='Sample Conc Calc'!AJ588 -> #DIV/0! | H44: ='Sample Conc Calc'!AK588 -> #DIV/0! | I44: ='Sample Conc Calc'!AL588 -> #DIV/0! | J44: ='Sample Conc Calc'!AM588 -> #DIV/0! | ... EV44: ='Sample Conc Calc'!FY588 -> #DIV/0!
A45: ='Analyte List'!A165 -> Benz[c]acridine | B45: ='Analyte List'!K165 -> 0 | C45: ='Sample Conc Calc'!AF589 -> #DIV/0! | D45: ='Sample Conc Calc'!AG589 -> #DIV/0! | E45: ='Sample Conc Calc'!AH589 -> #DIV/0! | F45: ='Sample Conc Calc'!AI589 -> #DIV/0! | G45: ='Sample Conc Calc'!AJ589 -> #DIV/0! | H45: ='Sample Conc Calc'!AK589 -> #DIV/0! | I45: ='Sample Conc Calc'!AL589 -> #DIV/0! | J45: ='Sample Conc Calc'!AM589 -> #DIV/0! | ... EV45: ='Sample Conc Calc'!FY589 -> #DIV/0!
A46: ='Analyte List'!A166 -> 11H-Benzo[a]carbazole | B46: ='Analyte List'!K166 -> 0 | C46: ='Sample Conc Calc'!AF590 -> #DIV/0! | D46: ='Sample Conc Calc'!AG590 -> #DIV/0! | E46: ='Sample Conc Calc'!AH590 -> #DIV/0! | F46: ='Sample Conc Calc'!AI590 -> #DIV/0! | G46: ='Sample Conc Calc'!AJ590 -> #DIV/0! | H46: ='Sample Conc Calc'!AK590 -> #DIV/0! | I46: ='Sample Conc Calc'!AL590 -> #DIV/0! | J46: ='Sample Conc Calc'!AM590 -> #DIV/0! | ... EV46: ='Sample Conc Calc'!FY590 -> #DIV/0!
A47: ='Analyte List'!A167 -> 7H-benzo[c]carbazole | B47: ='Analyte List'!K167 -> 0 | C47: ='Sample Conc Calc'!AF591 -> #DIV/0! | D47: ='Sample Conc Calc'!AG591 -> #DIV/0! | E47: ='Sample Conc Calc'!AH591 -> #DIV/0! | F47: ='Sample Conc Calc'!AI591 -> #DIV/0! | G47: ='Sample Conc Calc'!AJ591 -> #DIV/0! | H47: ='Sample Conc Calc'!AK591 -> #DIV/0! | I47: ='Sample Conc Calc'!AL591 -> #DIV/0! | J47: ='Sample Conc Calc'!AM591 -> #DIV/0! | ... EV47: ='Sample Conc Calc'!FY591 -> #DIV/0!
A48: ='Analyte List'!A168 -> 6-Methylbenzo [b]naphtho[2,1-d]thiophene | B48: ='Analyte List'!K168 -> 0 | C48: ='Sample Conc Calc'!AF592 -> #DIV/0! | D48: ='Sample Conc Calc'!AG592 -> #DIV/0! | E48: ='Sample Conc Calc'!AH592 -> #DIV/0! | F48: ='Sample Conc Calc'!AI592 -> #DIV/0! | G48: ='Sample Conc Calc'!AJ592 -> #DIV/0! | H48: ='Sample Conc Calc'!AK592 -> #DIV/0! | I48: ='Sample Conc Calc'!AL592 -> #DIV/0! | J48: ='Sample Conc Calc'!AM592 -> #DIV/0! | ... EV48: ='Sample Conc Calc'!FY592 -> #DIV/0!
A49: ='Analyte List'!A169 -> 3,6-Dibromocarbazole | B49: ='Analyte List'!K169 -> 0 | C49: ='Sample Conc Calc'!AF593 -> #DIV/0! | D49: ='Sample Conc Calc'!AG593 -> #DIV/0! | E49: ='Sample Conc Calc'!AH593 -> #DIV/0! | F49: ='Sample Conc Calc'!AI593 -> #DIV/0! | G49: ='Sample Conc Calc'!AJ593 -> #DIV/0! | H49: ='Sample Conc Calc'!AK593 -> #DIV/0! | I49: ='Sample Conc Calc'!AL593 -> #DIV/0! | J49: ='Sample Conc Calc'!AM593 -> #DIV/0! | ... EV49: ='Sample Conc Calc'!FY593 -> #DIV/0!
A50: ='Analyte List'!A170 -> 2-Phenyldibenzothiophene | B50: ='Analyte List'!K170 -> 0 | C50: ='Sample Conc Calc'!AF594 -> #DIV/0! | D50: ='Sample Conc Calc'!AG594 -> #DIV/0! | E50: ='Sample Conc Calc'!AH594 -> #DIV/0! | F50: ='Sample Conc Calc'!AI594 -> #DIV/0! | G50: ='Sample Conc Calc'!AJ594 -> #DIV/0! | H50: ='Sample Conc Calc'!AK594 -> #DIV/0! | I50: ='Sample Conc Calc'!AL594 -> #DIV/0! | J50: ='Sample Conc Calc'!AM594 -> #DIV/0! | ... EV50: ='Sample Conc Calc'!FY594 -> #DIV/0!
... A53: ='Analyte List'!A173 -> 13(H)-Dibenzo[a,i]carbazole | B53: ='Analyte List'!K173 -> 0 | C53: ='Sample Conc Calc'!AF597 -> #DIV/0! | D53: ='Sample Conc Calc'!AG597 -> #DIV/0! | E53: ='Sample Conc Calc'!AH597 -> #DIV/0! | F53: ='Sample Conc Calc'!AI597 -> #DIV/0! | G53: ='Sample Conc Calc'!AJ597 -> #DIV/0! | H53: ='Sample Conc Calc'!AK597 -> #DIV/0! | I53: ='Sample Conc Calc'!AL597 -> #DIV/0! | J53: ='Sample Conc Calc'!AM597 -> #DIV/0! | ... EV53: ='Sample Conc Calc'!FY597 -> #DIV/0!

Sheet Results-HPAHs
A1: ='Cover Page'!B2 -> Report Title | B1: ='Cover Page'!C2 -> 0
A2: ='Cover Page'!B3 -> Report Number | B2: ='Cover Page'!C3 -> 0
A3: ='Cover Page'!B4 -> Revision | B3: ='Cover Page'!C4 -> 0
A6: Analyte | B6: Limit of Detection (add units)* | C6: Sample Concentration (add units) | M6: =C6 -> Sample Concentration (add units) | X6: =C6 -> Sample Concentration (add units) | AI6: =C6 -> Sample Concentration (add units) | AT6: =C6 -> Sample Concentration (add units) | BE6: =C6 -> Sample Concentration (add units) | BP6: =C6 -> Sample Concentration (add units) | CA6: =C6 -> Sample Concentration (add units) | CL6: =C6 -> Sample Concentration (add units) | CY6: =C6 -> Sample Concentration (add units) | DL6: =C6 -> Sample Concentration (add units) | DY6: =C6 -> Sample Concentration (add units) | EL6: =C6 -> Sample Concentration (add units)
C7: ='Sample Set Info'!B32 -> 0 | D7: ='Sample Set Info'!B33 -> 0 | E7: ='Sample Set Info'!B34 -> 0 | F7: ='Sample Set Info'!B35 -> 0 | G7: ='Sample Set Info'!B36 -> 0 | H7: ='Sample Set Info'!B37 -> 0 | I7: ='Sample Set Info'!B38 -> 0 | J7: ='Sample Set Info'!B39 -> 0 | K7: ='Sample Set Info'!B40 -> 0 | L7: ='Sample Set Info'!B41 -> 0 | M7: ='Sample Set Info'!B42 -> 0 | N7: ='Sample Set Info'!B43 -> 0 | O7: ='Sample Set Info'!B44 -> 0 | P7: ='Sample Set Info'!B45 -> 0 | Q7: ='Sample Set Info'!B46 -> 0 | R7: ='Sample Set Info'!B47 -> 0 | S7: ='Sample Set Info'!B48 -> 0 | T7: ='Sample Set Info'!B49 -> 0 | U7: ='Sample Set Info'!B50 -> 0 | V7: ='Sample Set Info'!B51 -> 0 | W7: ='Sample Set Info'!B52 -> 0 | X7: ='Sample Set Info'!B53 -> 0 | Y7: ='Sample Set Info'!B54 -> 0 | Z7: ='Sample Set Info'!B55 -> 0 | AA7: ='Sample Set Info'!B56 -> 0 | AB7: ='Sample Set Info'!B57 -> 0 | AC7: ='Sample Set Info'!B58 -> 0 | AD7: ='Sample Set Info'!B59 -> 0 | AE7: ='Sample Set Info'!B60 -> 0 | AF7: ='Sample Set Info'!B61 -> 0 | AG7: ='Sample Set Info'!B62 -> 0 | AH7: ='Sample Set Info'!B63 -> 0 | AI7: ='Sample Set Info'!B64 -> 0 | AJ7: ='Sample Set Info'!B65 -> 0 | AK7: ='Sample Set Info'!B66 -> 0 | AL7: ='Sample Set Info'!B67 -> 0 | AM7: ='Sample Set Info'!B68 -> 0 | AN7: ='Sample Set Info'!B69 -> 0 | AO7: ='Sample Set Info'!B70 -> 0 | AP7: ='Sample Set Info'!B71 -> 0 | AQ7: ='Sample Set Info'!B72 -> 0 | AR7: ='Sample Set Info'!B73 -> 0 | AS7: ='Sample Set Info'!B74 -> 0 | AT7: ='Sample Set Info'!B75 -> 0 | AU7: ='Sample Set Info'!B76 -> 0 | AV7: ='Sample Set Info'!B77 -> 0 | AW7: ='Sample Set Info'!B78 -> 0 | AX7: ='Sample Set Info'!B79 -> 0 | AY7: ='Sample Set Info'!B80 -> 0 | AZ7: ='Sample Set Info'!B81 -> 0 | BA7: ='Sample Set Info'!B82 -> 0 | BB7: ='Sample Set Info'!B83 -> 0 | BC7: ='Sample Set Info'!B84 -> 0 | BD7: ='Sample Set Info'!B85 -> 0 | BE7: ='Sample Set Info'!B86 -> 0 | BF7: ='Sample Set Info'!B87 -> 0 | BG7: ='Sample Set Info'!B88 -> 0 | BH7: ='Sample Set Info'!B89 -> 0 | BI7: ='Sample Set Info'!B90 -> 0 | BJ7: ='Sample Set Info'!B91 -> 0 | BK7: ='Sample Set Info'!B92 -> 0 | BL7: ='Sample Set Info'!B93 -> 0 | BM7: ='Sample Set Info'!B94 -> 0 | BN7: ='Sample Set Info'!B95 -> 0 | BO7: ='Sample Set Info'!B96 -> 0 | BP7: ='Sample Set Info'!B97 -> 0 | BQ7: ='Sample Set Info'!B98 -> 0 | BR7: ='Sample Set Info'!B99 -> 0 | BS7: ='Sample Set Info'!B100 -> 0 | BT7: ='Sample Set Info'!B101 -> 0 | BU7: ='Sample Set Info'!B102 -> 0 | BV7: ='Sample Set Info'!B103 -> 0 | BW7: ='Sample Set Info'!B104 -> 0 | BX7: ='Sample Set Info'!B105 -> 0 | BY7: ='Sample Set Info'!B106 -> 0 | BZ7: ='Sample Set Info'!B107 -> 0 | CA7: ='Sample Set Info'!B108 -> 0 | CB7: ='Sample Set Info'!B109 -> 0 | CC7: ='Sample Set Info'!B110 -> 0 | CD7: ='Sample Set Info'!B111 -> 0 | CE7: ='Sample Set Info'!B112 -> 0 | CF7: ='Sample Set Info'!B113 -> 0 | CG7: ='Sample Set Info'!B114 -> 0 | CH7: ='Sample Set Info'!B115 -> 0 | CI7: ='Sample Set Info'!B116 -> 0 | CJ7: ='Sample Set Info'!B117 -> 0 | CK7: ='Sample Set Info'!B118 -> 0 | CL7: ='Sample Set Info'!B119 -> 0 | CM7: ='Sample Set Info'!B120 -> 0 | CN7: ='Sample Set Info'!B121 -> 0 | CO7: ='Sample Set Info'!B122 -> 0 | CP7: ='Sample Set Info'!B123 -> 0 | CQ7: ='Sample Set Info'!B124 -> 0 | CR7: ='Sample Set Info'!B125 -> 0 | CS7: ='Sample Set Info'!B126 -> 0 | CT7: ='Sample Set Info'!B127 -> 0 | CU7: ='Sample Set Info'!B128 -> 0 | CV7: ='Sample Set Info'!B129 -> 0 | CW7: ='Sample Set Info'!B130 -> 0 | CX7: ='Sample Set Info'!B131 -> 0 | CY7: ='Sample Set Info'!B132 -> 0 | CZ7: ='Sample Set Info'!B133 -> 0 | DA7: ='Sample Set Info'!B134 -> 0 | DB7: ='Sample Set Info'!B135 -> 0 | DC7: ='Sample Set Info'!B136 -> 0 | DD7: ='Sample Set Info'!B137 -> 0 | DE7: ='Sample Set Info'!B138 -> 0 | DF7: ='Sample Set Info'!B139 -> 0 | DG7: ='Sample Set Info'!B140 -> 0 | DH7: ='Sample Set Info'!B141 -> 0 | DI7: ='Sample Set Info'!B142 -> 0 | DJ7: ='Sample Set Info'!B143 -> 0 | DK7: ='Sample Set Info'!B144 -> 0 | DL7: ='Sample Set Info'!B145 -> 0 | DM7: ='Sample Set Info'!B146 -> 0 | DN7: ='Sample Set Info'!B147 -> 0 | DO7: ='Sample Set Info'!B148 -> 0 | DP7: ='Sample Set Info'!B149 -> 0 | DQ7: ='Sample Set Info'!B150 -> 0 | DR7: ='Sample Set Info'!B151 -> 0 | DS7: ='Sample Set Info'!B152 -> 0 | DT7: ='Sample Set Info'!B153 -> 0 | DU7: ='Sample Set Info'!B154 -> 0 | DV7: ='Sample Set Info'!B155 -> 0 | DW7: ='Sample Set Info'!B156 -> 0 | DX7: ='Sample Set Info'!B157 -> 0 | DY7: ='Sample Set Info'!B158 -> 0 | DZ7: ='Sample Set Info'!B159 -> 0 | EA7: ='Sample Set Info'!B160 -> 0 | EB7: ='Sample Set Info'!B161 -> 0 | EC7: ='Sample Set Info'!B162 -> 0 | ED7: ='Sample Set Info'!B163 -> 0 | EE7: ='Sample Set Info'!B164 -> 0 | EF7: ='Sample Set Info'!B165 -> 0 | EG7: ='Sample Set Info'!B166 -> 0 | EH7: ='Sample Set Info'!B167 -> 0 | EI7: ='Sample Set Info'!B168 -> 0 | EJ7: ='Sample Set Info'!B169 -> 0 | EK7: ='Sample Set Info'!B170 -> 0 | EL7: ='Sample Set Info'!B171 -> 0 | EM7: ='Sample Set Info'!B172 -> 0 | EN7: ='Sample Set Info'!B173 -> 0 | EO7: ='Sample Set Info'!B174 -> 0 | EP7: ='Sample Set Info'!B175 -> 0 | EQ7: ='Sample Set Info'!B176 -> 0 | ER7: ='Sample Set Info'!B177 -> 0 | ES7: ='Sample Set Info'!B178 -> 0 | ET7: ='Sample Set Info'!B179 -> 0 | EU7: ='Sample Set Info'!B180 -> 0 | EV7: ='Sample Set Info'!B181 -> 0
A8: ='Analyte List'!A177 -> 9-Cl-Flu | B8: ='Analyte List'!K177 -> 0 | C8: ='Sample Conc Calc'!AF601 -> #DIV/0! | D8: ='Sample Conc Calc'!AG601 -> #DIV/0! | E8: ='Sample Conc Calc'!AH601 -> #DIV/0! | F8: ='Sample Conc Calc'!AI601 -> #DIV/0! | G8: ='Sample Conc Calc'!AJ601 -> #DIV/0! | H8: ='Sample Conc Calc'!AK601 -> #DIV/0! | I8: ='Sample Conc Calc'!AL601 -> #DIV/0! | J8: ='Sample Conc Calc'!AM601 -> #DIV/0! | ... EV8: ='Sample Conc Calc'!FY601 -> #DIV/0!
A9: ='Analyte List'!A178 -> 2-Cl-Flu | B9: ='Analyte List'!K178 -> 0 | C9: ='Sample Conc Calc'!AF602 -> #DIV/0! | D9: ='Sample Conc Calc'!AG602 -> #DIV/0! | E9: ='Sample Conc Calc'!AH602 -> #DIV/0! | F9: ='Sample Conc Calc'!AI602 -> #DIV/0! | G9: ='Sample Conc Calc'!AJ602 -> #DIV/0! | H9: ='Sample Conc Calc'!AK602 -> #DIV/0! | I9: ='Sample Conc Calc'!AL602 -> #DIV/0! | J9: ='Sample Conc Calc'!AM602 -> #DIV/0! | ... EV9: ='Sample Conc Calc'!FY602 -> #DIV/0!
A10: ='Analyte List'!A179 -> 5-Br-Ace | B10: ='Analyte List'!K179 -> 0 | C10: ='Sample Conc Calc'!AF603 -> #DIV/0! | D10: ='Sample Conc Calc'!AG603 -> #DIV/0! | E10: ='Sample Conc Calc'!AH603 -> #DIV/0! | F10: ='Sample Conc Calc'!AI603 -> #DIV/0! | G10: ='Sample Conc Calc'!AJ603 -> #DIV/0! | H10: ='Sample Conc Calc'!AK603 -> #DIV/0! | I10: ='Sample Conc Calc'!AL603 -> #DIV/0! | J10: ='Sample Conc Calc'!AM603 -> #DIV/0! | ... EV10: ='Sample Conc Calc'!FY603 -> #DIV/0!
A11: ='Analyte List'!A180 -> 9-Br-Flu | B11: ='Analyte List'!K180 -> 0 | C11: ='Sample Conc Calc'!AF604 -> #DIV/0! | D11: ='Sample Conc Calc'!AG604 -> #DIV/0! | E11: ='Sample Conc Calc'!AH604 -> #DIV/0! | F11: ='Sample Conc Calc'!AI604 -> #DIV/0! | G11: ='Sample Conc Calc'!AJ604 -> #DIV/0! | H11: ='Sample Conc Calc'!AK604 -> #DIV/0! | I11: ='Sample Conc Calc'!AL604 -> #DIV/0! | J11: ='Sample Conc Calc'!AM604 -> #DIV/0! | ... EV11: ='Sample Conc Calc'!FY604 -> #DIV/0!
A12: ='Analyte List'!A181 -> 2-Br-Flu | B12: ='Analyte List'!K181 -> 0 | C12: ='Sample Conc Calc'!AF605 -> #VALUE! | D12: ='Sample Conc Calc'!AG605 -> #VALUE! | E12: ='Sample Conc Calc'!AH605 -> #VALUE! | F12: ='Sample Conc Calc'!AI605 -> #VALUE! | G12: ='Sample Conc Calc'!AJ605 -> #VALUE! | H12: ='Sample Conc Calc'!AK605 -> #VALUE! | I12: ='Sample Conc Calc'!AL605 -> #VALUE! | J12: ='Sample Conc Calc'!AM605 -> #VALUE! | ... EV12: ='Sample Conc Calc'!FY605 -> #DIV/0!
A13: ='Analyte List'!A182 -> 1-Cl-Ant | B13: ='Analyte List'!K182 -> 0 | C13: ='Sample Conc Calc'!AF606 -> #DIV/0! | D13: ='Sample Conc Calc'!AG606 -> #DIV/0! | E13: ='Sample Conc Calc'!AH606 -> #DIV/0! | F13: ='Sample Conc Calc'!AI606 -> #DIV/0! | G13: ='Sample Conc Calc'!AJ606 -> #DIV/0! | H13: ='Sample Conc Calc'!AK606 -> #DIV/0! | I13: ='Sample Conc Calc'!AL606 -> #DIV/0! | J13: ='Sample Conc Calc'!AM606 -> #DIV/0! | ... EV13: ='Sample Conc Calc'!FY606 -> #DIV/0!
A14: ='Analyte List'!A183 -> 2,7-Cl2-Flu | B14: ='Analyte List'!K183 -> 0 | C14: ='Sample Conc Calc'!AF607 -> #DIV/0! | D14: ='Sample Conc Calc'!AG607 -> #DIV/0! | E14: ='Sample Conc Calc'!AH607 -> #DIV/0! | F14: ='Sample Conc Calc'!AI607 -> #DIV/0! | G14: ='Sample Conc Calc'!AJ607 -> #DIV/0! | H14: ='Sample Conc Calc'!AK607 -> #DIV/0! | I14: ='Sample Conc Calc'!AL607 -> #DIV/0! | J14: ='Sample Conc Calc'!AM607 -> #DIV/0! | ... EV14: ='Sample Conc Calc'!FY607 -> #DIV/0!
A15: ='Analyte List'!A184 -> 1,2-Br2-Acy | B15: ='Analyte List'!K184 -> 0 | C15: ='Sample Conc Calc'!AF608 -> #VALUE! | D15: ='Sample Conc Calc'!AG608 -> #VALUE! | E15: ='Sample Conc Calc'!AH608 -> #VALUE! | F15: ='Sample Conc Calc'!AI608 -> #VALUE! | G15: ='Sample Conc Calc'!AJ608 -> #VALUE! | H15: ='Sample Conc Calc'!AK608 -> #VALUE! | I15: ='Sample Conc Calc'!AL608 -> #VALUE! | J15: ='Sample Conc Calc'!AM608 -> #VALUE! | ... EV15: ='Sample Conc Calc'!FY608 -> #DIV/0!
A16: ='Analyte List'!A185 -> 3-Br-Phe | B16: ='Analyte List'!K185 -> 0 | C16: ='Sample Conc Calc'!AF609 -> #DIV/0! | D16: ='Sample Conc Calc'!AG609 -> #DIV/0! | E16: ='Sample Conc Calc'!AH609 -> #DIV/0! | F16: ='Sample Conc Calc'!AI609 -> #DIV/0! | G16: ='Sample Conc Calc'!AJ609 -> #DIV/0! | H16: ='Sample Conc Calc'!AK609 -> #DIV/0! | I16: ='Sample Conc Calc'!AL609 -> #DIV/0! | J16: ='Sample Conc Calc'!AM609 -> #DIV/0! | ... EV16: ='Sample Conc Calc'!FY609 -> #DIV/0!
A17: ='Analyte List'!A186 -> 1-Br-Ant | B17: ='Analyte List'!K186 -> 0 | C17: ='Sample Conc Calc'!AF610 -> #DIV/0! | D17: ='Sample Conc Calc'!AG610 -> #DIV/0! | E17: ='Sample Conc Calc'!AH610 -> #DIV/0! | F17: ='Sample Conc Calc'!AI610 -> #DIV/0! | G17: ='Sample Conc Calc'!AJ610 -> #DIV/0! | H17: ='Sample Conc Calc'!AK610 -> #DIV/0! | I17: ='Sample Conc Calc'!AL610 -> #DIV/0! | J17: ='Sample Conc Calc'!AM610 -> #DIV/0! | ... EV17: ='Sample Conc Calc'!FY610 -> #DIV/0!
A18: ='Analyte List'!A187 -> 1,4-Cl2-Ant | B18: ='Analyte List'!K187 -> 0 | C18: ='Sample Conc Calc'!AF611 -> #DIV/0! | D18: ='Sample Conc Calc'!AG611 -> #DIV/0! | E18: ='Sample Conc Calc'!AH611 -> #DIV/0! | F18: ='Sample Conc Calc'!AI611 -> #DIV/0! | G18: ='Sample Conc Calc'!AJ611 -> #DIV/0! | H18: ='Sample Conc Calc'!AK611 -> #DIV/0! | I18: ='Sample Conc Calc'!AL611 -> #DIV/0! | J18: ='Sample Conc Calc'!AM611 -> #DIV/0! | ... EV18: ='Sample Conc Calc'!FY611 -> #DIV/0!
A19: ='Analyte List'!A188 -> 1,5-Cl2-Ant | B19: ='Analyte List'!K188 -> 0 | C19: ='Sample Conc Calc'!AF612 -> #DIV/0! | D19: ='Sample Conc Calc'!AG612 -> #DIV/0! | E19: ='Sample Conc Calc'!AH612 -> #DIV/0! | F19: ='Sample Conc Calc'!AI612 -> #DIV/0! | G19: ='Sample Conc Calc'!AJ612 -> #DIV/0! | H19: ='Sample Conc Calc'!AK612 -> #DIV/0! | I19: ='Sample Conc Calc'!AL612 -> #DIV/0! | J19: ='Sample Conc Calc'!AM612 -> #DIV/0! | ... EV19: ='Sample Conc Calc'!FY612 -> #DIV/0!
... A30: ='Analyte List'!A199 -> 2,3,9,10-Br4-Ant | B30: ='Analyte List'!K199 -> 0 | C30: ='Sample Conc Calc'!AF623 -> #VALUE! | D30: ='Sample Conc Calc'!AG623 -> #VALUE! | E30: ='Sample Conc Calc'!AH623 -> #VALUE! | F30: ='Sample Conc Calc'!AI623 -> #VALUE! | G30: ='Sample Conc Calc'!AJ623 -> #VALUE! | H30: ='Sample Conc Calc'!AK623 -> #VALUE! | I30: ='Sample Conc Calc'!AL623 -> #VALUE! | J30: ='Sample Conc Calc'!AM623 -> #VALUE! | ... EV30: ='Sample Conc Calc'!FY623 -> #DIV/0!

Sheet Test Report Review
A1: Test Report Review
A2: ='Cover Page'!B3 -> Report Number | B2: ='Cover Page'!C3 -> 0
A4: Test Report Review tab is for INTERNAL USE ONLY
A6: GENERAL REQUIREMENTS (commonly listed as per SOP-023 Test Reports) | B6: Y/N | C6: REVIEWER | D6: DATE
A8: Report title (Test Report – Project name/description)
A9: Test Report Revision#
A10: Name and address of the laboratory
A11: Location of performance of the laboratory activities
A12: Identification of the person(s) preparing, reviewing and authorizing the report
A13: Name and contact information of the customer
A14: Identification of the test method used
A15: Date(s) of performance of the laboratory activities
A16: Date of issue of the report
A17: Unambiguous identification of the test item(s)
A18: Results with the units of measurement including reporting limits (if applicable)
A20: REQUIREMENTS (not commonly listed as per SOP-023 Test Reports) | B20: Y/N | C20: REVIEWER | D20: DATE
A22: List requirement(s)(if applicable)
A24: GENERAL QC REQUIREMENTS (see QC section of TM for specific P/F requirements) | B24: P/F | C24: REVIEWER | D24: DATE | E24: DEVIATION | F24: RISK ASSESSMENT | G24: COMMENTS | H24: AUTHORIZATION | I24: DATE
A26: Reagent/Method blank(s)
A27: Calibration
A28: RIS Recoveries
A29: Positive Control (SRM or other suitable/identified positive control sample)
A30: Duplicate Repeatability (if applicable)
A31: Control Chart Verification (Y/N)
A32: Other (list requirement)(if applicable)
A34: REVIEW OF REPORTED RESULTS | B34: Y/N | C34: REVIEWER | D34: DATE
A36: Visual inspection of 'Report Sheet' for sample outliers
A37: Visual comparison of results to previously reported results of similar test items (if applicable)
A38: Other (list and describe)(if applicable)

Sheet Sample Set Info
A1: Sample Set Information
A3: Report Number: | B3: ='Cover Page'!C3 -> 0
A4: Test Method: | B4: ='Cover Page'!C15 -> 0
A5: Instrument: | B5: Agilent GC-MSMS - COGRAD-XXX
A6: Acquisition Method File:
A7: Sample Set File:
A8: Acquisition Date:
A9: Data Processing Method File:
A11: Sample Reference Codes
A13: COGRAD Sample ID | B13: Client Sample ID | C13: Sample Mass or Volume | D13: Vf (Final Extract Volume) | E13: % Lipid Content (if applicable) | F13: Multiplier | G13: Divisor | H13: Correction Factor
C14: (add units) | D14: (add units)
A16: Mth Blk-1 | B16: n/a | C16: n/a | D16: 200 | E16: n/a | F16: 1 | G16: 1 | H16: =F16/G16 -> 1
A17: Mth Blk-2 | B17: n/a | C17: n/a | E17: n/a | F17: 1 | G17: 1 | H17: =F17/G17 -> 1
A18: Mth Blk-3 | B18: n/a | C18: n/a | E18: n/a | F18: 1 | G18: 1 | H18: =F18/G18 -> 1
A19: Mth Blk-4 | B19: n/a | C19: n/a | E19: n/a | F19: 1 | G19: 1 | H19: =F19/G19 -> 1
A20: CS Blank-1 | F20: 1 | G20: 1 | H20: =F20/G20 -> 1
A21: CS Blank-2 | F21: 1 | G21: 1 | H21: =F21/G21 -> 1
A22: CS Blank-3 | F22: 1 | G22: 1 | H22: =F22/G22 -> 1
A23: CS Blank-4 | F23: 1 | G23: 1 | H23: =F23/G23 -> 1
A24: CS Spike-1 | F24: 1 | G24: 1 | H24: =F24/G24 -> 1
A25: CS Spike-2 | F25: 1 | G25: 1 | H25: =F25/G25 -> 1
A26: CS Spike-3 | F26: 1 | G26: 1 | H26: =F26/G26 -> 1
A27: CS Spike-4 | F27: 1 | G27: 1 | H27: =F27/G27 -> 1
A28: CRM-1 | F28: 1 | G28: 1 | H28: =F28/G28 -> 1
A29: CRM-2 | F29: 1 | G29: 1 | H29: =F29/G29 -> 1
A30: CRM-3 | F30: 1 | G30: 1 | H30: =F30/G30 -> 1
A31: CRM-4 | F31: 1 | G31: 1 | H31: =F31/G31 -> 1
... A181: S150 | F181: 1 | G181: 1 | H181: =F181/G181 -> 1

Sheet Analyte List
A1: Analyte Peak List (SORTED); Internal Standard Dependencies; Calibration Standard Info (Prep date and Calibration Concentrations); Limits of Detection (LODs)
A3: ='Cover Page'!B3 -> Report Number | B3: ='Cover Page'!C3 -> 0
E5: Calibration Standards | G5: Calibration Standard Concentration (pg/uL) | K5: LOD
A6: Group/Peak ID by RRT | B6: Abbreviation | C6: ISTD ID | D6: ISTD Dependency | E6: Cali Std ID | F6: Prep Date | G6: LOW | H6: MED | I6: HIGH | K6: (add units)
A7: PAHs | B7: PAHs | K7: copy/paste from LOD spreadsheet
A9: Napthalene | B9: ='Raw Data-Unsorted'!A9 -> Nap | C9: n/a | D9: 2 | E9: PAH/APAH | G9: 10 | H9: 100 | I9: 1000
A10: Acenapthylene | B10: ='Raw Data-Unsorted'!A27 -> Acy | C10: n/a | D10: 3 | E10: PAH/APAH | G10: 10 | H10: 100 | I10: 1000
A11: Acenaphthene | B11: ='Raw Data-Unsorted'!A30 -> Ace | C11: n/a | D11: 4 | E11: PAH/APAH | G11: 10 | H11: 100 | I11: 1000
A12: Fluorene | B12: ='Raw Data-Unsorted'!A41 -> Flu | C12: n/a | D12: 5 | E12: PAH/APAH | G12: 10 | H12: 100 | I12: 1000
A13: Phenanthrene | B13: ='Raw Data-Unsorted'!A64 -> Phe | C13: n/a | D13: 6 | E13: PAH/APAH | G13: 10 | H13: 100 | I13: 1000
A14: Anthracene | B14: ='Raw Data-Unsorted'!A67 -> Ant | C14: n/a | D14: 6 | E14: PAH/APAH | G14: 10 | H14: 100 | I14: 1000
A15: Fluoranthene | B15: ='Raw Data-Unsorted'!A112 -> Flt | C15: n/a | D15: 7 | E15: PAH/APAH | G15: 10 | H15: 100 | I15: 1000
A16: Pyrene | B16: ='Raw Data-Unsorted'!A118 -> Pyr | C16: n/a | D16: 8 | E16: PAH/APAH | G16: 10 | H16: 100 | I16: 1000
A17: Benz(a)anthracene | B17: ='Raw Data-Unsorted'!A159 -> BaA | C17: n/a | D17: 9 | E17: PAH/APAH | G17: 10 | H17: 100 | I17: 1000
A18: Chrysene | B18: ='Raw Data-Unsorted'!A163 -> Chr | C18: n/a | D18: 10 | E18: PAH/APAH | G18: 10 | H18: 100 | I18: 1000
A19: Benzo(b)fluoranthracene | B19: ='Raw Data-Unsorted'!A184 -> BbF | C19: n/a | D19: 11 | E19: PAH/APAH | G19: 10 | H19: 100 | I19: 1000
A20: Benzo(k)fluoranthracene | B20: ='Raw Data-Unsorted'!A186 -> BkF | C20: n/a | D20: 12 | E20: PAH/APAH | G20: 10 | H20: 100 | I20: 1000
A21: Benzo(a)pyrene | B21: ='Raw Data-Unsorted'!A191 -> BaP | C21: n/a | D21: 13 | E21: PAH/APAH | G21: 10 | H21: 100 | I21: 1000
A22: Indeno(1,2,3-cd)pyrene | B22: ='Raw Data-Unsorted'!A205 -> IcdP | C22: n/a | D22: 14 | E22: PAH/APAH | G22: 10 | H22: 100 | I22: 1000
A23: Dibenz(a,h)anthracene | B23: ='Raw Data-Unsorted'!A207 -> DBahA | C23: n/a | D23: 15 | E23: PAH/APAH | G23: 10 | H23: 100 | I23: 1000
A24: Benzo(g,h,i)perylene | B24: ='Raw Data-Unsorted'!A209 -> BghiP | C24: n/a | D24: 16 | E24: PAH/APAH | G24: 10 | H24: 100 | I24: 1000
A26: APAHs | B26: APAHs
A28: 2-MeNap | B28: ='Raw Data-Unsorted'!A15 -> 2-MeNap | C28: n/a | D28: 3 | E28: PAH/APAH | G28: 10 | H28: 100 | I28: 1000
A29: 1-MeNap | B29: ='Raw Data-Unsorted'!A18 -> 1-MeNap | C29: n/a | D29: 3 | E29: PAH/APAH | G29: 10 | H29: 100 | I29: 1000
A30: C2-Nap (1,4-DiMeNap) | B30: ='Raw Data-Unsorted'!A23 -> C2-Nap (1,4-DiMeNap) | C30: n/a | D30: 3 | E30: PAH/APAH | G30: 10 | H30: 100 | I30: 1000
A31: 1,4-DiMeNap (C2-Nap) | B31: ='Raw Data-Unsorted'!A24 -> 1,4-DiMeNap (C2-Nap) | C31: n/a | D31: 3 | E31: PAH/APAH | G31: 10 | H31: 100 | I31: 1000
A32: C3-Nap (t1) | B32: ='Raw Data-Unsorted'!A36 -> C3-Nap (t1) | C32: n/a | D32: 3 | E32: PAH/APAH | G32: 10 | H32: 100 | I32: 1000
A33: C3-Nap (t2) | B33: ='Raw Data-Unsorted'!A37 -> C3-Nap (t2) | C33: n/a | D33: 3 | E33: PAH/APAH | G33: 10 | H33: 100 | I33: 1000
A34: C3-Nap total (2,3,5-TriMeNap) | B34: ='Raw Data-Unsorted'!A38 -> C3-Nap total (2,3,5-TriMeNap) | C34: n/a | D34: 3 | E34: PAH/APAH | G34: 10 | H34: 100 | I34: 1000
A35: 2,3,5-TriMeNap (C3-Nap) | B35: ='Raw Data-Unsorted'!A39 -> 2,3,5-TriMeNap (C3-Nap) | C35: n/a | D35: 3 | E35: PAH/APAH | G35: 10 | H35: 100 | I35: 1000
A36: C2-Flu (9-EtFlu) | B36: ='Raw Data-Unsorted'!A46 -> C2-Flu (9-EtFlu) | C36: n/a | D36: 6 | E36: PAH/APAH | G36: 10 | H36: 100 | I36: 1000
A37: 9-EtFlu (C2-Flu) | B37: ='Raw Data-Unsorted'!A47 -> 9-EtFlu (C2-Flu) | C37: n/a | D37: 6 | E37: PAH/APAH | G37: 10 | H37: 100 | I37: 1000
A38: C4-Nap (t1) | B38: ='Raw Data-Unsorted'!A48 -> C4-Nap (t1) | C38: n/a | D38: 6 | E38: PAH/APAH | G38: 10 | H38: 100 | I38: 1000
A39: C4-Nap (t2) | B39: ='Raw Data-Unsorted'!A49 -> C4-Nap (t2) | C39: n/a | D39: 6 | E39: PAH/APAH | G39: 10 | H39: 100 | I39: 1000
A40: C4-Nap (t3) | B40: ='Raw Data-Unsorted'!A50 -> C4-Nap (t3) | C40: n/a | D40: 6 | E40: PAH/APAH | G40: 10 | H40: 100 | I40: 1000
A41: C4-Nap total (1,4,6,7-TetraMeNap) | B41: ='Raw Data-Unsorted'!A51 -> C4-Nap total (1,4,6,7-TetraMeNap) | C41: n/a | D41: 6 | E41: PAH/APAH | G41: 10 | H41: 100 | I41: 1000
A42: 1,4,6,7-TetraMeNap (C4-Nap) | B42: ='Raw Data-Unsorted'!A52 -> 1,4,6,7-TetraMeNap (C4-Nap) | C42: n/a | D42: 6 | E42: PAH/APAH | G42: 10 | H42: 100 | I42: 1000
A43: C1-Flu (1-MeFlu) | B43: ='Raw Data-Unsorted'!A53 -> C1-Flu (1-MeFlu) | C43: n/a | D43: 3 | E43: PAH/APAH | G43: 10 | H43: 100 | I43: 1000
A44: 1-MeFlu (C1-Flu) | B44: ='Raw Data-Unsorted'!A54 -> 1-MeFlu (C1-Flu) | C44: n/a | D44: 3 | E44: PAH/APAH | G44: 10 | H44: 100 | I44: 1000
A45: DBT | B45: ='Raw Data-Unsorted'!A57 -> DBT | C45: n/a | D45: 6 | E45: PAH/APAH | G45: 10 | H45: 100 | I45: 1000
A46: C3-Flu (t1) | B46: ='Raw Data-Unsorted'!A59 -> C3-Flu (t1) | C46: n/a | D46: 6 | E46: PAH/APAH | G46: 10 | H46: 100 | I46: 1000
A47: C3-Flu (t2) | B47: ='Raw Data-Unsorted'!A60 -> C3-Flu (t2) | C47: n/a | D47: 6 | E47: PAH/APAH | G47: 10 | H47: 100 | I47: 1000
A48: C3-Flu total (9-PropFlu) | B48: ='Raw Data-Unsorted'!A61 -> C3-Flu total (9-PropFlu) | C48: n/a | D48: 6 | E48: PAH/APAH | G48: 10 | H48: 100 | I48: 1000
A49: 9-PropFlu (C3-Flu) | B49: ='Raw Data-Unsorted'!A62 -> 9-PropFlu (C3-Flu) | C49: n/a | D49: 6 | E49: PAH/APAH | G49: 10 | H49: 100 | I49: 1000
A50: C4-Flu (t1) | B50: ='Raw Data-Unsorted'!A77 -> C4-Flu (t1) | C50: n/a | D50: 6 | E50: PAH/APAH | G50: 10 | H50: 100 | I50: 1000
A51: C4-Flu (t2) | B51: ='Raw Data-Unsorted'!A78 -> C4-Flu (t2) | C51: n/a | D51: 6 | E51: PAH/APAH | G51: 10 | H51: 100 | I51: 1000
A52: C4-Flu (t3) | B52: ='Raw Data-Unsorted'!A79 -> C4-Flu (t3) | C52: n/a | D52: 6 | E52: PAH/APAH | G52: 10 | H52: 100 | I52: 1000
A53: C4-Flu total (9-ButFlu) | B53: ='Raw Data-Unsorted'!A80 -> C4-Flu total (9-ButFlu) | C53: n/a | D53: 6 | E53: PAH/APAH | G53: 10 | H53: 100 | I53: 1000
A54: 9-ButFlu (C4-Flu) | B54: ='Raw Data-Unsorted'!A81 -> 9-ButFlu (C4-Flu) | C54: n/a | D54: 6 | E54: PAH/APAH | G54: 10 | H54: 100 | I54: 1000
A55: C1-DBT (2-MeDBT) | B55: ='Raw Data-Unsorted'!A82 -> C1-DBT (2-MeDBT) | C55: n/a | D55: 6 | E55: PAH/APAH | G55: 10 | H55: 100 | I55: 1000
A56: 2-MeDBT (C1-DBT) | B56: ='Raw Data-Unsorted'!A83 -> 2-MeDBT (C1-DBT) | C56: n/a | D56: 6 | E56: PAH/APAH | G56: 10 | H56: 100 | I56: 1000
A57: 3-MeDBT (N/A) | B57: ='Raw Data-Unsorted'!A84 -> 3-MeDBT (N/A) | C57: n/a | D57: 6 | E57: PAH/APAH | G57: 10 | H57: 100 | I57: 1000
A58: 3-MePhe | B58: ='Raw Data-Unsorted'!A86 -> 3-MePhe | C58: n/a | D58: 6 | E58: PAH/APAH | G58: 10 | H58: 100 | I58: 1000
A59: C1-Phe / C1-Ant (2-MePhe) | B59: ='Raw Data-Unsorted'!A87 -> C1-Phe / C1-Ant (2-MePhe) | C59: n/a | D59: 6 | E59: PAH/APAH | G59: 10 | H59: 100 | I59: 1000
A60: 2-MePhe (C1-Phe / C1-Ant ) | B60: ='Raw Data-Unsorted'!A88 -> 2-MePhe (C1-Phe / C1-Ant ) | C60: n/a | D60: 6 | E60: PAH/APAH | G60: 10 | H60: 100 | I60: 1000
A61: 9/4-MePhe | B61: ='Raw Data-Unsorted'!A91 -> 9/4-MePhe | C61: n/a | D61: 6 | E61: PAH/APAH | G61: 10 | H61: 100 | I61: 1000
A62: 1-MePhe | B62: ='Raw Data-Unsorted'!A92 -> 1-MePhe | C62: n/a | D62: 6 | E62: PAH/APAH | G62: 10 | H62: 100 | I62: 1000
A63: 3,6-DiMePhe | B63: ='Raw Data-Unsorted'!A94 -> 3,6-DiMePhe | C63: n/a | D63: 7 | E63: PAH/APAH | G63: 10 | H63: 100 | I63: 1000
A64: 2,6-DiMePhe | B64: ='Raw Data-Unsorted'!A96 -> 2,6-DiMePhe | C64: n/a | D64: 7 | E64: PAH/APAH | G64: 10 | H64: 100 | I64: 1000
A65: C2-Phe / C2-Ant (1,3-DiMePhe) | B65: ='Raw Data-Unsorted'!A99 -> C2-Phe / C2-Ant (1,3-DiMePhe) | C65: n/a | D65: 7 | E65: PAH/APAH | G65: 10 | H65: 100 | I65: 1000
A66: 1,3-DiMePhe (C2-Phe / C2-Ant) | B66: ='Raw Data-Unsorted'!A100 -> 1,3-DiMePhe (C2-Phe / C2-Ant) | C66: n/a | D66: 7 | E66: PAH/APAH | G66: 10 | H66: 100 | I66: 1000
A67: 2,4,7-TriMeDBT (N/A) | B67: ='Raw Data-Unsorted'!A101 -> 2,4,7-TriMeDBT (N/A) | C67: n/a | D67: 8 | E67: PAH/APAH | G67: 10 | H67: 100 | I67: 1000
A68: C3-DBT (t1) | B68: ='Raw Data-Unsorted'!A102 -> C3-DBT (t1) | C68: n/a | D68: 8 | E68: PAH/APAH | G68: 10 | H68: 100 | I68: 1000
A69: C3-DBT (t2) | B69: ='Raw Data-Unsorted'!A103 -> C3-DBT (t2) | C69: n/a | D69: 8 | E69: PAH/APAH | G69: 10 | H69: 100 | I69: 1000
A70: C3-DBT total (4-PropDBT) | B70: ='Raw Data-Unsorted'!A104 -> C3-DBT total (4-PropDBT) | C70: n/a | D70: 8 | E70: PAH/APAH | G70: 10 | H70: 100 | I70: 1000
A71: 4-PropDBT (C3-DBT) | B71: ='Raw Data-Unsorted'!A105 -> 4-PropDBT (C3-DBT) | C71: n/a | D71: 8 | E71: PAH/APAH | G71: 10 | H71: 100 | I71: 1000
A72: 3,6-DiMeCar | B72: ='Raw Data-Unsorted'!A106 -> 3,6-DiMeCar | C72: n/a | D72: 7 | E72: PAH/APAH | G72: 10 | H72: 100 | I72: 1000
A73: 1,7-DiMePhe | B73: ='Raw Data-Unsorted'!A108 -> 1,7-DiMePhe | C73: n/a | D73: 7 | E73: PAH/APAH | G73: 10 | H73: 100 | I73: 1000
A74: C2-DBT (1,2-DiMeDBT) | B74: ='Raw Data-Unsorted'!A109 -> C2-DBT (1,2-DiMeDBT) | C74: n/a | D74: 8 | E74: PAH/APAH | G74: 10 | H74: 100 | I74: 1000
A75: 1,2-DiMeDBT (C2-DBT) | B75: ='Raw Data-Unsorted'!A110 -> 1,2-DiMeDBT (C2-DBT) | C75: n/a | D75: 8 | E75: PAH/APAH | G75: 10 | H75: 100 | I75: 1000
A76: 2-Br-DBT | B76: ='Raw Data-Unsorted'!A113 -> 2-Br-DBT | C76: n/a | D76: 6 | E76: PAH/APAH | G76: 10 | H76: 100 | I76: 1000
A77: 1,8-DiMePhe | B77: ='Raw Data-Unsorted'!A114 -> 1,8-DiMePhe | C77: n/a | D77: 7 | E77: PAH/APAH | G77: 10 | H77: 100 | I77: 1000
A78: C4-DBT (t1) | B78: ='Raw Data-Unsorted'!A119 -> C4-DBT (t1) | C78: n/a | D78: 8 | E78: PAH/APAH | G78: 10 | H78: 100 | I78: 1000
A79: C4-DBT (t2) | B79: ='Raw Data-Unsorted'!A120 -> C4-DBT (t2) | C79: n/a | D79: 8 | E79: PAH/APAH | G79: 10 | H79: 100 | I79: 1000
A80: C4-DBT (t3) | B80: ='Raw Data-Unsorted'!A121 -> C4-DBT (t3) | C80: n/a | D80: 8 | E80: PAH/APAH | G80: 10 | H80: 100 | I80: 1000
A81: C4-DBT total (4,6-DiEtDBT) | B81: ='Raw Data-Unsorted'!A122 -> C4-DBT total (4,6-DiEtDBT) | C81: n/a | D81: 8 | E81: PAH/APAH | G81: 10 | H81: 100 | I81: 1000
A82: 4,6-DiEtDBT (C4-DBT) | B82: ='Raw Data-Unsorted'!A123 -> 4,6-DiEtDBT (C4-DBT) | C82: n/a | D82: 8 | E82: PAH/APAH | G82: 10 | H82: 100 | I82: 1000
A83: C3-Phe (t1) | B83: ='Raw Data-Unsorted'!A128 -> C3-Phe (t1) | C83: n/a | D83: 8 | E83: PAH/APAH | G83: 10 | H83: 100 | I83: 1000
A84: C3-Phe (t2) | B84: ='Raw Data-Unsorted'!A129 -> C3-Phe (t2) | C84: n/a | D84: 8 | E84: PAH/APAH | G84: 10 | H84: 100 | I84: 1000
A85: C3-Phe total (1,2,6-TriMePhe) | B85: ='Raw Data-Unsorted'!A130 -> C3-Phe / C3-Ant total (1,2,6-TriMePhe) | C85: n/a | D85: 8 | E85: PAH/APAH | G85: 10 | H85: 100 | I85: 1000
A86: 1,2,6-TriMePhe (C3-Phe) | B86: ='Raw Data-Unsorted'!A131 -> 1,2,6-TriMePhe (C3-Phe) | C86: n/a | D86: 8 | E86: PAH/APAH | G86: 10 | H86: 100 | I86: 1000
A87: Ret | B87: ='Raw Data-Unsorted'!A132 -> Ret | C87: n/a | D87: 8 | E87: PAH/APAH | G87: 10 | H87: 100 | I87: 1000
A88: C1-Pyr / C1-Flt (1-MePyr) | B88: ='Raw Data-Unsorted'!A135 -> C1-Pyr / C1-Flt (1-MePyr) | C88: n/a | D88: 8 | E88: PAH/APAH | G88: 10 | H88: 100 | I88: 1000
A89: 1-MePyr (C1-Pyr / C1-Flt) | B89: ='Raw Data-Unsorted'!A136 -> 1-MePyr (C1-Pyr / C1-Flt) | C89: n/a | D89: 8 | E89: PAH/APAH | G89: 10 | H89: 100 | I89: 1000
A90: C4-Phe (t1) | B90: ='Raw Data-Unsorted'!A138 -> C4-Phe (t1) | C90: n/a | D90: 8 | E90: PAH/APAH | G90: 10 | H90: 100 | I90: 1000
A91: C4-Phe (t2) | B91: ='Raw Data-Unsorted'!A139 -> C4-Phe (t2) | C91: n/a | D91: 8 | E91: PAH/APAH | G91: 10 | H91: 100 | I91: 1000
A92: C4-Phe (t3) | B92: ='Raw Data-Unsorted'!A140 -> C4-Phe (t3) | C92: n/a | D92: 8 | E92: PAH/APAH | G92: 10 | H92: 100 | I92: 1000
A93: C4-Phe total (1,2,6,9-TetMePhe) | B93: ='Raw Data-Unsorted'!A141 -> C4-Phe total (1,2,6,9-TetMePhe) | C93: n/a | D93: 8 | E93: PAH/APAH | G93: 10 | H93: 100 | I93: 1000
A94: 1,2,6,9-TetMePhe (C4-Phe) | B94: ='Raw Data-Unsorted'!A142 -> 1,2,6,9-TetMePhe (C4-Phe) | C94: n/a | D94: 8 | E94: PAH/APAH | G94: 10 | H94: 100 | I94: 1000
A95: C2-Pyr / C2-Flt (1-EtPyr) | B95: ='Raw Data-Unsorted'!A144 -> C2-Pyr / C2-Flt (1-EtPyr) | C95: n/a | D95: 10 | E95: PAH/APAH | G95: 10 | H95: 100 | I95: 1000
A96: 1-EtPyr (C2-Pyr / C2-Flt) | B96: ='Raw Data-Unsorted'!A145 -> 1-EtPyr (C2-Pyr / C2-Flt) | C96: n/a | D96: 10 | E96: PAH/APAH | G96: 10 | H96: 100 | I96: 1000
A97: BbNT(1,2-d) | B97: ='Raw Data-Unsorted'!A150 -> BbNT(1,2-d) | C97: n/a | D97: 8 | E97: PAH/APAH | G97: 10 | H97: 100 | I97: 1000
A98: BbNT(2,3-d) | B98: ='Raw Data-Unsorted'!A152 -> BbNT(2,3-d) | C98: n/a | D98: 8 | E98: PAH/APAH | G98: 10 | H98: 100 | I98: 1000
A99: C3-Pyr / C3-Flt (t1) | B99: ='Raw Data-Unsorted'!A154 -> C3-Pyr / C3-Flt (t1) | C99: n/a | D99: 8 | E99: PAH/APAH | G99: 10 | H99: 100 | I99: 1000
A100: C3-Pyr / C3-Flt (t2) | B100: ='Raw Data-Unsorted'!A155 -> C3-Pyr / C3-Flt (t2) | C100: n/a | D100: 8 | E100: PAH/APAH | G100: 10 | H100: 100 | I100: 1000
A101: C3-Pyr / C3-Flt total (1-PropPyr) | B101: ='Raw Data-Unsorted'!A156 -> C3-Pyr / C3-Flt total (1-PropPyr) | C101: n/a | D101: 8 | E101: PAH/APAH | G101: 10 | H101: 100 | I101: 1000
A102: 1-PropPyr (C3-Pyr / C3-Flt) | B102: ='Raw Data-Unsorted'!A157 -> 1-PropPyr (C3-Pyr / C3-Flt) | C102: n/a | D102: 8 | E102: PAH/APAH | G102: 10 | H102: 100 | I102: 1000
A103: C4-Pyr / C4-Flt (t1) | B103: ='Raw Data-Unsorted'!A166 -> C4-Pyr / C4-Flt (t1) | C103: n/a | D103: 8 | E103: PAH/APAH | G103: 10 | H103: 100 | I103: 1000
A104: C4-Pyr / C4-Flt (t2) | B104: ='Raw Data-Unsorted'!A167 -> C4-Pyr / C4-Flt (t2) | C104: n/a | D104: 8 | E104: PAH/APAH | G104: 10 | H104: 100 | I104: 1000
A105: C4-Pyr / C4-Flt (t3) | B105: ='Raw Data-Unsorted'!A168 -> C4-Pyr / C4-Flt (t3) | C105: n/a | D105: 8 | E105: PAH/APAH | G105: 10 | H105: 100 | I105: 1000
...

Sheet Raw Data-Unsorted
A1: Raw GC-MSMS Data - Peak Areas - UNSORTED
A3: ='Cover Page'!B3 -> Report Number | B3: ='Cover Page'!C3 -> 0 | V3: QC CALI STDCHECKS - 10 and 1000 pg/uL (SINGLE PEAK PROCESSING METHOD)
D4: PAH/APAH 100 pg/uL CALI STD (SINGLE PEAK PROCESSING METHOD) | J4: HPAC 100 pg/uL CALI STD (SINGLE PEAK PROCESSING METHOD) | P4: HPAH 100 pg/uL CALI STD (SINGLE PEAK PROCESSING METHOD) | V4: PAH/APAH | Y4: HPAC | AB4: HPAH | AE4: METHOD BLANKS (SINGLE PEAK PROCESSING METHOD) | AJ4: METHOD BLANKS (CLUSTER PROCESSING METHOD) | AO4: CONTROL SAMPLE BLANKS (SINGLE PEAK PROCESSING METHOD) | AT4: CONTROL SAMPLE SPIKES (SINGLE PEAK PROCESSING METHOD) | AY4: CERTIFIED REFERENCE MATERIAL (CRM)(CLUSTER PROCESSING METHOD) | BD4: SAMPLES (CLUSTER PROCESSING METHOD)(150 samples maximum)
A5: Peak ID | B5: Peak ID | D5: 100-1 | E5: 100-2 | F5: 100-3 | G5: 100-4 | H5: 100-5 | J5: 100-1 | K5: 100-2 | L5: 100-3 | M5: 100-4 | N5: 100-5 | P5: 100-1 | Q5: 100-2 | R5: 100-3 | S5: 100-4 | T5: 100-5 | V5: 10 | W5: 1000 | Y5: 10 | Z5: 1000 | AB5: 10 | AC5: 1000 | AE5: Mth Blk-1 | AF5: Mth Blk-2 | AG5: Mth Blk-3 | AH5: Mth Blk-4 | AJ5: Mth Blk-1 | AK5: Mth Blk-2 | AL5: Mth Blk-3 | AM5: Mth Blk-4 | AO5: CS Blank-1 | AP5: CS Blank-2 | AQ5: CS Blank-3 | AR5: CS Blank-4 | AT5: CS Spike-1 | AU5: CS Spike-2 | AV5: CS Spike-3 | AW5: CS Spike-4 | AY5: CRM-1 | AZ5: CRM-2 | BA5: CRM-3 | BB5: CRM-4 | BD5: S1 | BE5: S2 | BF5: S3 | BG5: S4 | BH5: S5 | BI5: S6 | BJ5: S7 | BK5: S8 | BL5: S9 | BM5: S10 | BN5: S11 | BO5: S12 | BP5: S13 | BQ5: S14 | BR5: S15 | BS5: S16 | BT5: S17 | BU5: S18 | BV5: S19 | BW5: S20 | BX5: S21 | BY5: S22 | BZ5: S23 | CA5: S24 | CB5: S25 | CC5: S26 | CD5: S27 | CE5: S28 | CF5: S29 | CG5: S30 | CH5: S31 | CI5: S32 | CJ5: S33 | CK5: S34 | CL5: S35 | CM5: S36 | CN5: S37 | CO5: S38 | CP5: S39 | CQ5: S40 | CR5: S41 | CS5: S42 | CT5: S43 | CU5: S44 | CV5: S45 | CW5: S46 | CX5: S47 | CY5: S48 | CZ5: S49 | DA5: S50 | DB5: S51 | DC5: S52 | DD5: S53 | DE5: S54 | DF5: S55 | DG5: S56 | DH5: S57 | DI5: S58 | DJ5: S59 | DK5: S60 | DL5: S61 | DM5: S62 | DN5: S63 | DO5: S64 | DP5: S65 | DQ5: S66 | DR5: S67 | DS5: S68 | DT5: S69 | DU5: S70 | DV5: S71 | DW5: S72 | DX5: S73 | DY5: S74 | DZ5: S75 | EA5: S76 | EB5: S77 | EC5: S78 | ED5: S79 | EE5: S80 | EF5: S81 | EG5: S82 | EH5: S83 | EI5: S84 | EJ5: S85 | EK5: S86 | EL5: S87 | EM5: S88 | EN5: S89 | EO5: S90 | EP5: S91 | EQ5: S92 | ER5: S93 | ES5: S94 | ET5: S95 | EU5: S96 | EV5: S97 | EW5: S98 | EX5: S99 | EY5: S100 | EZ5: S101 | FA5: S102 | FB5: S103 | FC5: S104 | FD5: S105 | FE5: S106 | FF5: S107 | FG5: S108 | FH5: S109 | FI5: S110 | FJ5: S111 | FK5: S112 | FL5: S113 | FM5: S114 | FN5: S115 | FO5: S116 | FP5: S117 | FQ5: S118 | FR5: S119 | FS5: S120 | FT5: S121 | FU5: S122 | FV5: S123 | FW5: S124 | FX5: S125 | FY5: S126 | FZ5: S127 | GA5: S128 | GB5: S129 | GC5: S130 | GD5: S131 | GE5: S132 | GF5: S133 | GG5: S134 | GH5: S135 | GI5: S136 | GJ5: S137 | GK5: S138 | GL5: S139 | GM5: S140 | GN5: S141 | GO5: S142 | GP5: S143 | GQ5: S144 | GR5: S145 | GS5: S146 | GT5: S147 | GU5: S148 | GV5: S149 | GW5: S150
B6: (from Exported Data) | AT6: add actual sample name
D7: 2026-03-25 PAH-APAH M-1.D | E7: 2026-03-25 PAH-APAH M-2.D | F7: 2026-03-25 PAH-APAH M-3.D | G7: 4 | H7: 5 | J7: 2026-03-25 HPAC M-1.D | K7: 2026-03-25 HPAC M-2.D | L7: 2026-03-25 HPAC M-3.D | M7: 4 | N7: 5 | P7: 2026-03-25 HPAH M-1.D | Q7: 2026-03-25 HPAH M-2.D | R7: 2026-03-25 HPAH M-3.D | S7: 4 | T7: 5 | V7: 2026-03-25 PAH-APAH LOW.D | W7: 2026-03-25 PAH-APAH HIGH.D | Y7: 2026-03-25 HPAC LOW.D | Z7: 2026-03-25 HPAC HIGH.D | AB7: 2026-03-25 HPAH LOW.D | AC7: 2026-03-25 HPAH HIGH.D | AE7: 2026-03-25 Mth Blk 2026-02-06.D | AF7: 2026-03-25 Mth Blk 2026-02-26.D | AG7: 3 | AH7: 4 | AJ7: 2026-03-25 Mth Blk 2026-02-06.D | AK7: 2026-03-25 Mth Blk 2026-02-26.D | AL7: 3 | AM7: 4 | AO7: 2026-03-25 Control Blk 2026-02-06.D | AP7: 2026-03-25 Control Blk 2026-02-26.D | AQ7: 3 | AR7: 4 | AT7: 2026-03-25 Control Spk 2026-02-06.D | AU7: 2026-03-25 Control Spk 2026-02-26.D | AV7: 3 | AW7: 4 | AY7: 1 | AZ7: 2 | BA7: 3 | BB7: 4 | BD7: 2026-03-25 25-1278.D | BE7: 2026-03-25 25-1279.D | BF7: 2026-03-25 25-1280.D | BG7: 2026-03-25 25-1281.D | BH7: 2026-03-25 25-1282.D | BI7: 2026-03-25 25-1283.D | BJ7: 2026-03-25 25-1284.D | BK7: 2026-03-25 25-1285.D | BL7: 2026-03-25 25-1322.D | BM7: 2026-03-25 25-1323.D | BN7: 2026-03-25 25-1324.D | BO7: 2026-03-25 25-1325.D | BP7: 2026-03-25 25-1326.D | BQ7: 2026-03-25 25-1327.D | BR7: 2026-03-25 25-1328.D | BS7: 2026-03-25 25-1329.D | BT7: 2026-03-25 25-1330.D | BU7: 2026-03-25 25-1331.D | BV7: 2026-03-25 25-1372.D | BW7: 2026-03-25 25-1373.D | BX7: 2026-03-25 25-1374.D | BY7: 2026-03-25 25-1375.D | BZ7: 2026-03-25 25-1376.D | CA7: 2026-03-25 25-1377.D | CB7: 2026-03-25 25-1378.D | CC7: 2026-03-25 25-1379.D | CD7: 2026-03-25 25-1380.D | CE7: 2026-03-25 25-1381.D | CF7: 2026-03-25 25-1392.D | CG7: 2026-03-25 25-1393.D | CH7: 2026-03-25 25-1394.D | CI7: 2026-03-25 25-1395.D | CJ7: 2026-03-25 25-1396.D | CK7: 2026-03-25 25-1397.D | CL7: 2026-03-25 25-1398.D | CM7: 2026-03-25 25-1399.D | CN7: 2026-03-25 25-1400.D | CO7: 2026-03-25 25-1401.D | CP7: 2026-03-25 25-1412.D | CQ7: 2026-03-25 25-1413.D | CR7: 2026-03-25 25-1414.D | CS7: 2026-03-25 25-1415.D | CT7: 2026-03-25 25-1416.D | CU7: 2026-03-25 25-1419.D | CV7: 2026-03-25 25-1420.D | CW7: 2026-03-25 25-1421.D | CX7: 2026-03-25 25-1422.D | CY7: 2026-03-25 25-1423.D | CZ7: 2026-03-25 25-1424.D | DA7: 2026-03-25 25-1425.D | DB7: 2026-03-25 25-1426.D
A8: Nap-d8 | B8: Nap-d8 Results | D8: 39348 | E8: 25981 | F8: 31020 | J8: 39844 | K8: 41715 | L8: 856 | P8: 40163 | Q8: 34799 | R8: 47375 | V8: 34516 | W8: 884 | Y8: 14 | Z8: 30169 | AB8: 39210 | AC8: 56 | AE8: 10423 | AF8: 10422 | AJ8: 10423 | AK8: 10422 | AO8: 11555 | AP8: 10773 | AT8: 12113 | AU8: 10027 | BD8: 7014 | BE8: 11762 | BF8: 12380 | BG8: 16159 | BH8: 13112 | BI8: 8454 | BJ8: 8901 | BK8: 8433 | BL8: 8073 | BM8: 8889 | BN8: 9516 | BO8: 10068 | BP8: 9344 | BQ8: 5411 | BR8: 7017 | BS8: 5751 | BT8: 5954 | BU8: 6710 | BV8: 5573 | BW8: 6235 | BX8: 7145 | BY8: 5851 | BZ8: 7040 | CA8: 4836 | CB8: 6135 | CC8: 6838 | CD8: 7206 | CE8: 7120 | CF8: 6551 | CG8: 5286 | CH8: 4844 | CI8: 5127 | CJ8: 5612 | CK8: 4551 | CL8: 5277 | CM8: 4272 | CN8: 5934 | CO8: 5119 | CP8: 5799 | CQ8: 4907 | CR8: 5213 | CS8: 10543 | CT8: 6107 | CU8: 6419 | CV8: 3305 | CW8: 6428 | CX8: 16410 | CY8: 8090 | CZ8: 9495 | DA8: 6300 | DB8: 7839
A9: Nap | B9: Nap Results | D9: 13038 | E9: 9778 | F9: 11946 | J9: 0 | K9: 0 | L9: 0 | P9: 0 | Q9: 0 | R9: 0 | V9: 1278 | W9: 2933 | Y9: 0 | Z9: 0 | AB9: 0 | AC9: 0 | AE9: 1153 | AF9: 1419 | AJ9: 1153 | AK9: 1419 | AO9: 1564 | AP9: 1456 | AT9: 6138 | AU9: 5186 | BD9: 983 | BE9: 1382 | BF9: 1217 | BG9: 1797 | BH9: 1631 | BI9: 1035 | BJ9: 955 | BK9: 1068 | BL9: 905 | BM9: 1343 | BN9: 1066 | BO9: 1347 | BP9: 963 | BQ9: 776 | BR9: 879 | BS9: 884 | BT9: 728 | BU9: 836 | BV9: 730 | BW9: 735 | BX9: 940 | BY9: 860 | BZ9: 868 | CA9: 605 | CB9: 712 | CC9: 729 | CD9: 828 | CE9: 1005 | CF9: 984 | CG9: 615 | CH9: 623 | CI9: 685 | CJ9: 822 | CK9: 703 | CL9: 821 | CM9: 753 | CN9: 927 | CO9: 1069 | CP9: 945 | CQ9: 707 | CR9: 872 | CS9: 964 | CT9: 1048 | CU9: 762 | CV9: 507 | CW9: 1014 | CX9: 1650 | CY9: 1272 | CZ9: 1686 | DA9: 1035 | DB9: 1229
A10: 2,3-Br2-T | B10: 2,3-Br2-T Results
A11: Qui-d7 | B11: Qui-d7 Results | D11: 0 | E11: 0 | F11: 0 | J11: 42658 | K11: 57837 | L11: 1379 | P11: 0 | Q11: 0 | V11: 0 | W11: 0 | Y11: 0 | Z11: 36363 | AB11: 0 | AE11: 6281 | AF11: 6353 | AJ11: 6281 | AK11: 6353 | AO11: 9674 | AP11: 10421 | AT11: 7039 | AU11: 8237 | BD11: 5028 | BE11: 9035 | BF11: 10147 | BG11: 12947 | BH11: 6894 | BI11: 5793 | BJ11: 8306 | BK11: 6283 | BL11: 8294 | BM11: 8371 | BN11: 8223 | BO11: 11330 | BP11: 8374 | BQ11: 7997 | BR11: 8455 | BS11: 6045 | BT11: 7471 | BU11: 8758 | BV11: 4793 | BW11: 6745 | BX11: 7913 | BY11: 6064 | BZ11: 3362 | CA11: 4555 | CB11: 5471 | CC11: 6957 | CD11: 7704 | CE11: 5961 | CF11: 6425 | CG11: 7963 | CH11: 6894 | CI11: 6976 | CJ11: 7816 | CK11: 6783 | CL11: 7901 | CM11: 5944 | CN11: 7964 | CO11: 6630 | CP11: 7035 | CQ11: 7249 | CR11: 5188 | CS11: 6772 | CT11: 7852 | CU11: 7939 | CV11: 8315 | CW11: 8406 | CX11: 8324 | CY11: 8879 | CZ11: 9435 | DA11: 8129 | DB11: 9871
A12: Qui | B12: Qui Results | D12: 0 | E12: 0 | F12: 0 | J12: 41739 | K12: 57324 | L12: 1374 | P12: 0 | Q12: 0 | R12: 0 | V12: 0 | Y12: 29 | Z12: 298216 | AB12: 0 | AC12: 0 | AE12: 320 | AF12: 194 | AJ12: 320 | AK12: 194 | AO12: 362 | AP12: 248 | AT12: 7475 | AU12: 8071 | BD12: 342 | BE12: 506 | BF12: 477 | BG12: 463 | BH12: 316 | BI12: 235 | BJ12: 192 | BK12: 227 | BL12: 257 | BM12: 139 | BN12: 211 | BO12: 176 | BP12: 248 | BQ12: 163 | BR12: 145 | BS12: 261 | BT12: 177 | BU12: 238 | BV12: 142 | BW12: 160 | BX12: 201 | BY12: 187 | BZ12: 141 | CA12: 166 | CB12: 152 | CC12: 148 | CD12: 127 | CE12: 130 | CF12: 217 | CG12: 168 | CH12: 174 | CI12: 180 | CJ12: 227 | CK12: 227 | CL12: 159 | CM12: 150 | CN12: 201 | CO12: 254 | CP12: 325 | CQ12: 180 | CR12: 121 | CS12: 189 | CT12: 208 | CU12: 206 | CV12: 206 | CW12: 183 | CX12: 182 | CY12: 258 | CZ12: 290 | DA12: 193 | DB12: 208
A13: IQui | B13: IQui Results | D13: 0 | E13: 0 | F13: 0 | J13: 20812 | K13: 38727 | L13: 2197 | P13: 0 | Q13: 0 | R13: 0 | V13: 0 | Y13: 93 | Z13: 227590 | AB13: 0 | AC13: 0 | AE13: 852 | AF13: 952 | AJ13: 852 | AK13: 952 | AO13: 1161 | AP13: 1065 | AT13: 4617 | AU13: 6214 | BD13: 650 | BE13: 914 | BF13: 1064 | BG13: 1261 | BH13: 870 | BI13: 857 | BJ13: 777 | BK13: 825 | BL13: 930 | BM13: 896 | BN13: 1034 | BO13: 890 | BP13: 885 | BQ13: 888 | BR13: 953 | BS13: 963 | BT13: 879 | BU13: 868 | BV13: 729 | BW13: 742 | BX13: 1030 | BY13: 890 | BZ13: 787 | CA13: 674 | CB13: 783 | CC13: 824 | CD13: 865 | CE13: 1024 | CF13: 840 | CG13: 977 | CH13: 888 | CI13: 940 | CJ13: 1071 | CK13: 922 | CL13: 878 | CM13: 749 | CN13: 1013 | CO13: 989 | CP13: 917 | CQ13: 1016 | CR13: 838 | CS13: 964 | CT13: 893 | CU13: 952 | CV13: 634 | CW13: 952 | CX13: 882 | CY13: 1100 | CZ13: 939 | DA13: 948 | DB13: 952
A14: Ind | B14: Ind Results | E14: 0 | F14: 0 | J14: 60119 | K14: 84733 | L14: 1867 | P14: 0 | Q14: 0 | R14: 0 | V14: 0 | W14: 0 | Y14: 9 | Z14: 467153 | AC14: 0 | AE14: 135 | AF14: 158 | AJ14: 135 | AK14: 158 | AO14: 3276 | AP14: 3630 | AT14: 25396 | AU14: 27658 | BD14: 47842 | BE14: 63080 | BF14: 28148761 | BG14: 59834 | BH14: 55995 | BI14: 7165 | BJ14: 18351 | BK14: 8227 | BL14: 5968 | BM14: 12797 | BN14: 28220 | BO14: 6652 | BP14: 29607 | BQ14: 29384 | BR14: 466145 | BS14: 150680 | BT14: 164176 | BU14: 8627 | BV14: 28110 | BW14: 90919 | BX14: 19069 | BY14: 16804 | BZ14: 17045 | CA14: 10107 | CB14: 18571 | CC14: 92435 | CD14: 22221 | CE14: 45974 | CF14: 249475 | CG14: 28853 | CH14: 33634 | CI14: 17626 | CJ14: 49814 | CK14: 27467 | CL14: 6793 | CM14: 2897 | CN14: 6380 | CO14: 50198 | CP14: 9191 | CQ14: 36661 | CR14: 41718 | CS14: 1519 | CT14: 18457 | CU14: 28750 | CV14: 5810 | CW14: 57340 | CX14: 35803 | CY14: 33434 | CZ14: 14893 | DA14: 38226 | DB14: 36552
A15: 2-MeNap | B15: 2-MeNap Results | D15: 54262 | E15: 49012 | F15: 70241 | J15: 2853 | K15: 3788 | L15: 0 | P15: 0 | Q15: 0 | R15: 0 | V15: 5321 | W15: 13173 | Y15: 0 | Z15: 20055 | AB15: 0 | AC15: 0 | AE15: 1589 | AF15: 1904 | AJ15: 1589 | AK15: 1904 | AO15: 2632 | AP15: 1919 | AT15: 22118 | AU15: 22410 | BD15: 1251 | BE15: 1937 | BF15: 1419 | BG15: 2304 | BH15: 1228 | BI15: 1213 | BJ15: 1076 | BK15: 1100 | BL15: 1250 | BM15: 1573 | BN15: 2107 | BO15: 2006 | BP15: 1531 | BQ15: 1853 | BR15: 1440 | BS15: 1957 | BT15: 1434 | BU15: 1673 | BV15: 1528 | BW15: 1773 | BX15: 1726 | BY15: 2044 | BZ15: 1870 | CA15: 1819 | CB15: 1786 | CC15: 1790 | CD15: 2296 | CE15: 2066 | CF15: 1346 | CG15: 1518 | CH15: 1551 | CI15: 1358 | CJ15: 1598 | CK15: 1517 | CL15: 1503 | CM15: 1299 | CN15: 1540 | CO15: 1549 | CP15: 3797 | CQ15: 2483 | CR15: 3879 | CS15: 2099 | CT15: 2114 | CU15: 2035 | CV15: 1237 | CW15: 1822 | CX15: 6695 | CY15: 3240 | CZ15: 2712 | DA15: 1866 | DB15: 2137
A16: 2-MeQui | B16: 2-MeQui Results | D16: 0 | E16: 0 | F16: 0 | J16: 32320 | K16: 46341 | L16: 1252 | P16: 0 | Q16: 0 | R16: 0 | V16: 0 | W16: 0 | Y16: 47 | Z16: 274495 | AC16: 0 | AE16: 33 | AF16: 47 | AJ16: 33 | AK16: 47 | AO16: 66 | AP16: 80 | AT16: 5355 | AU16: 5456 | BD16: 122 | BE16: 241 | BF16: 128 | BG16: 93 | BH16: 164 | BI16: 66 | BJ16: 145 | BK16: 186 | BL16: 187 | BM16: 81 | BN16: 110 | BO16: 70 | BP16: 79 | BQ16: 65 | BR16: 68 | BS16: 42 | BT16: 60 | BU16: 97 | BV16: 54 | BW16: 69 | BX16: 60 | BY16: 113 | BZ16: 58 | CA16: 69 | CB16: 86 | CC16: 174 | CD16: 237 | CE16: 145 | CF16: 89 | CG16: 131 | CH16: 142 | CI16: 112 | CJ16: 76 | CK16: 83 | CL16: 102 | CM16: 73 | CN16: 92 | CO16: 101 | CP16: 87 | CQ16: 81 | CR16: 87 | CS16: 77 | CT16: 79 | CU16: 19 | CV16: 60 | CW16: 120 | CX16: 198 | CY16: 169 | CZ16: 78 | DA16: 90 | DB16: 83
A17: 4-MeBT | B17: 4-MeBT Results | D17: 0 | E17: 0 | F17: 0 | J17: 11996 | K17: 13415 | L17: 314 | P17: 0 | Q17: 0 | R17: 0 | V17: 0 | W17: 0 | Y17: 3 | Z17: 81566 | AB17: 0 | AC17: 0 | AE17: 2 | AF17: 14 | AJ17: 2 | AK17: 14 | AO17: 0 | AP17: 5 | AT17: 4310 | AU17: 3276 | BD17: 6 | BE17: 3 | BF17: 4 | BG17: 3 | BH17: 10 | BI17: 2 | BJ17: 5 | BK17: 2 | BL17: 3 | BM17: 1 | BN17: 2 | BO17: 0 | BP17: 5 | BQ17: 12 | BR17: 2 | BS17: 11 | BT17: 12 | BU17: 1 | BV17: 8 | BW17: 3 | BX17: 0 | BY17: 12 | BZ17: 0 | CA17: 0 | CB17: 7 | CC17: 5 | CD17: 9 | CE17: 0 | CF17: 5 | CG17: 3 | CH17: 3 | CI17: 9 | CJ17: 4 | CK17: 7 | CL17: 1 | CM17: 6 | CN17: -1 | CO17: 3 | CP17: 0 | CQ17: 2 | CR17: 5 | CS17: 3 | CT17: 0 | CU17: 4 | CV17: 5 | CW17: 4 | CX17: 0 | CY17: 5 | CZ17: 0 | DA17: 10 | DB17: 7
A18: 1-MeNap | B18: 1-MeNap Results | D18: 59392 | E18: 46510 | F18: 66708 | J18: 0 | K18: 0 | L18: 0 | P18: 0 | Q18: 0 | R18: 0 | V18: 5386 | W18: 12965 | Y18: 0 | Z18: 0 | AB18: 0 | AC18: 0 | AE18: 820 | AF18: 993 | AJ18: 820 | AK18: 993 | AO18: 1333 | AP18: 1171 | AT18: 20238 | AU18: 16134 | BD18: 776 | BE18: 1216 | BF18: 853 | BG18: 1427 | BH18: 732 | BI18: 908 | BJ18: 710 | BK18: 738 | BL18: 1003 | BM18: 956 | BN18: 1401 | BO18: 1298 | BP18: 976 | BQ18: 1302 | BR18: 828 | BS18: 1131 | BT18: 1081 | BU18: 948 | BV18: 1101 | BW18: 1345 | BX18: 1221 | BY18: 1191 | BZ18: 1169 | CA18: 1324 | CB18: 1090 | CC18: 1042 | CD18: 1275 | CE18: 1376 | CF18: 799 | CG18: 1072 | CH18: 949 | CI18: 808 | CJ18: 853 | CK18: 921 | CL18: 831 | CM18: 791 | CN18: 1065 | CO18: 915 | CP18: 2499 | CQ18: 1730 | CR18: 2580 | CS18: 1373 | CT18: 1384 | CU18: 1286 | CV18: 596 | CW18: 1192 | CX18: 4584 | CY18: 2218 | CZ18: 1631 | DA18: 1047 | DB18: 1259
A19: 3-MeIQui | B19: 3-MeIQui Results | D19: 0 | E19: 0 | F19: 0 | J19: 41484 | K19: 62557 | L19: 1718 | P19: 0 | Q19: 0 | R19: 0 | V19: 0 | W19: 0 | Y19: 34 | Z19: 366245 | AB19: 0 | AC19: 0 | AE19: 86 | AF19: 73 | AJ19: 86 | AK19: 73 | AO19: 104 | AP19: 86 | AT19: 6265 | AU19: 7566 | BD19: 60 | BE19: 89 | BF19: 56 | BG19: 90 | BH19: 85 | BI19: 22 | BJ19: 33 | BK19: 44 | BL19: 52 | BM19: 59 | BN19: 90 | BO19: 82 | BP19: 97 | BQ19: 61 | BR19: 63 | BS19: 123 | BT19: 0 | BU19: 78 | BV19: 27 | BW19: 61 | BX19: 40 | BY19: 27 | BZ19: 51 | CA19: 7 | CB19: 111 | CC19: 59 | CD19: 53 | CE19: 18 | CF19: 48 | CG19: 68 | CH19: 9 | CI19: 120 | CJ19: 74 | CK19: 130 | CL19: 62 | CM19: 33 | CN19: 20 | CO19: 24 | CP19: 106 | CQ19: 64 | CR19: 49 | CS19: 94 | CT19: 99 | CU19: 82 | CV19: 31 | CW19: 61 | CX19: 89 | CY19: 50 | CZ19: 151 | DA19: 38 | DB19: 59
A20: 5-Cl-BT | B20: 5-Cl-BT Results | D20: 4 | E20: 3 | J20: 8 | K20: 2 | Q20: 7 | R20: 2 | V20: 4 | W20: 2 | Y20: 1 | Z20: 23 | AB20: 1 | AF20: 11 | AK20: 11 | AO20: 1 | AT20: 8 | AU20: 3 | BD20: 2 | BE20: 2 | BF20: 3 | BH20: 2 | BI20: 2 | BJ20: 2 | BK20: 6 | BL20: 3 | BM20: 4 | BN20: 2 | BP20: 4 | BQ20: 1 | BR20: 2 | BX20: 3 | BY20: 2 | BZ20: 4 | CB20: 4 | CC20: 7 | CD20: 13 | CE20: 3 | CF20: 2 | CG20: 4 | CH20: 5 | CI20: 5 | CJ20: 5 | CK20: 2 | CM20: 3 | CN20: 0 | CO20: 4 | CP20: 3 | CS20: 4 | CT20: 2 | CU20: 2 | CV20: 4 | CW20: 6 | CX20: 4 | CY20: 6 | CZ20: 3 | DA20: 1 | DB20: 2
A21: 2,3-DiMeBT | B21: 2,3-DiMeBT Results | D21: 0 | E21: 0 | F21: 0 | J21: 12086 | K21: 16717 | L21: 353 | P21: 0 | Q21: 0 | V21: 0 | W21: 0 | Y21: 0 | Z21: 88706 | AB21: 0 | AC21: 0 | AE21: 41 | AF21: 8 | AJ21: 41 | AK21: 8 | AO21: 40 | AP21: 19 | AT21: 4972 | AU21: 5176 | BD21: 19 | BE21: 0 | BF21: 0 | BG21: 0 | BH21: 0 | BI21: 0 | BJ21: 0 | BK21: 0 | BL21: 0 | BM21: 0 | BN21: 0 | BO21: 0 | BP21: 0 | BQ21: 0 | BR21: 0 | BS21: 0 | BT21: 0 | BU21: 39 | BV21: 0 | BW21: 0 | BX21: 0 | BY21: 0 | BZ21: 0 | CA21: 0 | CB21: 0 | CC21: 0 | CD21: 0 | CE21: 0 | CF21: 106 | CG21: 134 | CH21: 79 | CI21: 26 | CJ21: 92 | CK21: 30 | CL21: 8 | CM21: 66 | CN21: 24 | CO21: 0 | CP21: 0 | CQ21: 0 | CR21: 0 | CS21: 0 | CT21: 0 | CU21: 0 | CV21: 0 | CW21: 0 | CX21: 130 | CY21: 22 | CZ21: 115 | DA21: 45 | DB21: 0
A22: 2-Cl-Qui | B22: 2-Cl-Qui Results | D22: 0 | E22: 0 | F22: 0 | J22: 44094 | K22: 50681 | L22: 1098 | P22: 0 | Q22: 0 | R22: 0 | V22: 0 | W22: 0 | Y22: 16 | Z22: 318400 | AB22: 0 | AC22: 0 | AE22: 26 | AF22: 13 | AJ22: 26 | AK22: 13 | AO22: 33 | AP22: 20 | AT22: 17188 | AU22: 16973 | BD22: 31 | BE22: 21 | BF22: 12 | BG22: 48 | BH22: 14 | BI22: 28 | BJ22: 18 | BK22: 12 | BL22: 23 | BM22: 0 | BN22: 23 | BO22: 4 | BP22: 26 | BQ22: 12 | BR22: 8 | BS22: 14 | BT22: 14 | BU22: 1 | BV22: 2 | BW22: 3 | BX22: 22 | BY22: 0 | BZ22: 26 | CA22: 8 | CB22: 16 | CC22: 25 | CD22: 9 | CE22: 11 | CF22: 17 | CG22: 10 | CH22: 32 | CI22: 11 | CJ22: 5 | CK22: 23 | CL22: 7 | CM22: 17 | CN22: 9 | CO22: 13 | CP22: 29 | CQ22: 8 | CR22: 4 | CS22: 26 | CT22: 0 | CU22: 31 | CV22: 18 | CW22: 20 | CX22: 0 | CY22: 0 | CZ22: 19 | DA22: 32 | DB22: 5
A23: C2-Nap (1,4-DiMeNap) | B23: C2-Nap (1,4-DiMeNap) Results | D23: 38930 | E23: 35561 | F23: 49258 | J23: 404 | K23: 1197 | L23: 1435 | P23: 544 | Q23: 1468 | R23: 1950 | V23: 4751 | W23: 9690 | Y23: 388 | Z23: 714 | AB23: 617 | AC23: 332 | AE23: 2083 | AF23: 2742 | AJ23: 2083 | AK23: 2742 | AO23: 3259 | AP23: 3266 | AT23: 20303 | AU23: 19343 | BD23: 3028 | BE23: 4428 | BF23: 3982 | BG23: 5566 | BH23: 4637 | BI23: 2274 | BJ23: 2695 | BK23: 2955 | BL23: 3414 | BM23: 3105 | BN23: 5312 | BO23: 4527 | BP23: 3464 | BQ23: 5235 | BR23: 3541 | BS23: 3428 | BT23: 3551 | BU23: 3384 | BV23: 3584 | BW23: 4751 | BX23: 5125 | BY23: 5219 | BZ23: 4724 | CA23: 6387 | CB23: 5508 | CC23: 5886 | CD23: 7198 | CE23: 6755 | CF23: 3517 | CG23: 3605 | CH23: 4110 | CI23: 3925 | CJ23: 4099 | CK23: 4652 | CL23: 4295 | CM23: 3593 | CN23: 4533 | CO23: 4356 | CP23: 10566 | CQ23: 8076 | CR23: 11258 | CS23: 5111 | CT23: 6186 | CU23: 5720 | CV23: 4276 | CW23: 4967 | CX23: 21144 | CY23: 11196 | CZ23: 7831 | DA23: 5845 | DB23: 5942
A24: 1,4-DiMeNap (C2-Nap) | B24: 1,4-DiMeNap (C2-Nap) Results | D24: 37628 | E24: 33329 | F24: 46089 | J24: 0 | K24: 0 | L24: 0 | P24: 0 | Q24: 0 | R24: 0 | V24: 4260 | W24: 9174 | Y24: 0 | Z24: 0 | AB24: 0 | AC24: 0 | AE24: 257 | AF24: 336 | AJ24: 257 | AK24: 336 | AO24: 529 | AP24: 425 | AT24: 17123 | AU24: 15346 | BD24: 127 | BE24: 290 | BF24: 301 | BG24: 333 | BH24: 215 | BI24: 101 | BJ24: 231 | BK24: 125 | BL24: 503 | BM24: 220 | BN24: 609 | BO24: 661 | BP24: 378 | BQ24: 669 | BR24: 291 | BS24: 326 | BT24: 363 | BU24: 362 | BV24: 574 | BW24: 433 | BX24: 510 | BY24: 575 | BZ24: 346 | CA24: 862 | CB24: 365 | CC24: 393 | CD24: 579 | CE24: 664 | CF24: 166 | CG24: 366 | CH24: 285 | CI24: 229 | CJ24: 261 | CK24: 456 | CL24: 126 | CM24: 212 | CN24: 294 | CO24: 2 | CP24: 1079 | CQ24: 816 | CR24: 1385 | CS24: 380 | CT24: 552 | CU24: 455 | CV24: 146 | CW24: 414 | CX24: 2652 | CY24: 1075 | CZ24: 552 | DA24: 404 | DB24: 514
A25: 2-Br-BT | B25: 2-Br-BT Results | D25: 1 | E25: 0 | F25: 0 | J25: 16605 | K25: 16407 | L25: 253 | P25: 3 | Q25: 3 | R25: 0 | V25: 0 | W25: 0 | Y25: 7 | Z25: 110917 | AB25: 0 | AC25: 0 | AE25: 2 | AF25: 1 | AJ25: 2 | AK25: 1 | AO25: 2 | AP25: 1 | AT25: 6081 | AU25: 5807 | BD25: 3 | BE25: 5 | BF25: 5 | BG25: 5 | BH25: 0 | BI25: 0 | BJ25: 4 | BK25: 9 | BL25: 4 | BM25: 0 | BN25: 0 | BO25: 0 | BP25: 1 | BQ25: 0 | BR25: 0 | BS25: 0 | BT25: 0 | BU25: 6 | BV25: 6 | BW25: 0 | BX25: 0 | BY25: 0 | BZ25: 6 | CA25: 5 | CB25: 0 | CC25: 10 | CD25: 7 | CE25: 6 | CF25: 18 | CG25: 3 | CH25: 9 | CI25: 3 | CJ25: 5 | CK25: 4 | CL25: 1 | CM25: 0 | CN25: 0 | CO25: 0 | CP25: 0 | CQ25: 5 | CR25: 3 | CS25: 0 | CT25: 6 | CU25: 0 | CV25: 0 | CW25: 0 | CX25: 1 | CY25: 8 | CZ25: 0 | DA25: 0 | DB25: 0
A26: Acy-d8 | B26: Acy-d8 Results | D26: 26032 | E26: 22822 | F26: 28885 | J26: 28684 | K26: 33994 | L26: 666 | P26: 28997 | Q26: 29995 | R26: 39700 | V26: 25719 | W26: 521 | Y26: 23 | Z26: 22956 | AB26: 31881 | AC26: 49 | AE26: 7184 | AF26: 7053 | AJ26: 7184 | AK26: 7053 | AO26: 9785 | AP26: 8197 | AT26: 8846 | AU26: 8862 | BD26: 7184 | BE26: 10023 | BF26: 12943 | BG26: 14326 | BH26: 12979 | BI26: 6914 | BJ26: 7239 | BK26: 7743 | BL26: 6667 | BM26: 7520 | BN26: 7816 | BO26: 7221 | BP26: 8339 | BQ26: 5499 | BR26: 6210 | BS26: 6087 | BT26: 6065 | BU26: 6631 | BV26: 5343 | BW26: 5505 | BX26: 7166 | BY26: 7061 | BZ26: 8059 | CA26: 6055 | CB26: 7762 | CC26: 7806 | CD26: 8102 | CE26: 9090 | CF26: 6072 | CG26: 5568 | CH26: 5603 | CI26: 5795 | CJ26: 6006 | CK26: 5115 | CL26: 5599 | CM26: 5331 | CN26: 6078 | CO26: 5864 | CP26: 6483 | CQ26: 5894 | CR26: 5859 | CS26: 11884 | CT26: 6479 | CU26: 6819 | CV26: 5853 | CW26: 7046 | CX26: 14733 | CY26: 7719 | CZ26: 7777 | DA26: 7410 | DB26: 8795
A27: Acy | B27: Acy Results | D27: 21667 | E27: 20123 | F27: 26832 | J27: 0 | K27: 97 | L27: 0 | P27: 0 | Q27: 93 | R27: 0 | V27: 2181 | W27: 4478 | Y27: 0 | Z27: 0 | AB27: 0 | AC27: 0 | AE27: 26 | AF27: 69 | AJ27: 26 | AK27: 69 | AO27: 83 | AP27: 77 | AT27: 7039 | AU27: 7965 | BD27: 139 | BE27: 184 | BF27: 86 | BG27: 51 | BH27: 75 | BI27: 56 | BJ27: 69 | BK27: 58 | BL27: 35 | BM27: 133 | BN27: 68 | BO27: 49 | BP27: 65 | BQ27: 49 | BR27: 63 | BS27: 38 | BT27: 39 | BU27: 130 | BV27: 76 | BW27: 51 | BX27: 88 | BY27: 50 | BZ27: 37 | CA27: 77 | CB27: 61 | CC27: 55 | CD27: 110 | CE27: 72 | CF27: 41 | CG27: 58 | CH27: 40 | CI27: 55 | CJ27: 85 | CK27: 79 | CL27: 96 | CM27: 92 | CN27: 67 | CO27: 70 | CP27: 60 | CQ27: 64 | CR27: 0 | CS27: 95 | CT27: 70 | CU27: 76 | CV27: 48 | CW27: 0 | CX27: 74 | CY27: 66 | CZ27: 78 | DA27: 64 | DB27: 84
A28: Ace-d10 | B28: Ace-d10 Results | D28: 52044 | E28: 47901 | F28: 60845 | J28: 53731 | K28: 70598 | L28: 1647 | P28: 60528 | Q28: 62969 | R28: 81291 | V28: 55739 | W28: 1165 | Y28: 74 | Z28: 61954 | AB28: 56471 | AC28: 155 | AE28: 16690 | AF28: 18419 | AJ28: 16690 | AK28: 18419 | AO28: 25075 | AP28: 20069 | AT28: 23112 | AU28: 22961 | BD28: 16995 | BE28: 23102 | BF28: 31067 | BG28: 35402 | BH28: 31972 | BI28: 18065 | BJ28: 17892 | BK28: 19573 | BL28: 14783 | BM28: 18904 | BN28: 16596 | BO28: 18970 | BP28: 16127 | BQ28: 14506 | BR28: 15633 | BS28: 14593 | BT28: 14898 | BU28: 16779 | BV28: 12182 | BW28: 13768 | BX28: 17660 | BY28: 16060 | BZ28: 17333 | CA28: 13423 | CB28: 18519 | CC28: 18758 | CD28: 19009 | CE28: 21193 | CF28: 15978 | CG28: 13788 | CH28: 13715 | CI28: 14089 | CJ28: 15529 | CK28: 13251 | CL28: 13961 | CM28: 12758 | CN28: 15825 | CO28: 13860 | CP28: 14747 | CQ28: 14875 | CR28: 14393 | CS28: 29443 | CT28: 16010 | CU28: 16097 | CV28: 12519 | CW28: 17286 | CX28: 35482 | CY28: 19299 | CZ28: 18639 | DA28: 17442 | DB28: 21102
A29: 2,3-DiMeInd | B29: 2,3-DiMeInd Results | D29: 13 | F29: 35 | J29: 7906 | K29: 12575 | L29: 237 | P29: 8 | Q29: 7 | R29: 29 | V29: 4 | W29: 5 | Y29: 8 | Z29: 90018 | AB29: 4 | AC29: 4 | AE29: 51 | AF29: 20 | AJ29: 51 | AK29: 20 | AO29: 185 | AP29: 24 | AT29: 4039 | AU29: 1478 | BD29: 144 | BF29: 233 | BG29: 189 | BH29: 220 | BI29: 126 | BJ29: 111 | BK29: 88 | BL29: 61 | BM29: 153 | BN29: 15 | BO29: 125 | BP29: 82 | BQ29: 108 | BR29: 43 | BS29: 127 | BT29: 17 | BU29: 124 | BV29: 26 | BW29: 70 | BX29: 64 | BY29: 132 | BZ29: 25 | CA29: 129 | CB29: 76 | CC29: 112 | CD29: 66 | CE29: 33 | CG29: 55 | CH29: 64 | CI29: 61 | CJ29: 51 | CK29: 97 | CL29: 44 | CN29: 148 | CO29: 79 | CP29: 78 | CQ29: 37 | CR29: 121 | CS29: 82 | CT29: 13 | CU29: 72 | CV29: 12 | CW29: 20 | CX29: 63 | CY29: 137 | CZ29: 12 | DA29: 14 | DB29: 181
A30: Ace | B30: Ace Results | D30: 50220 | E30: 45794 | F30: 58890 | J30: 51 | L30: 33 | P30: 538 | Q30: 668 | R30: 772 | V30: 4990 | W30: 10546 | Y30: 30 | Z30: 99 | AB30: 66 | AC30: 39 | AE30: 389 | AF30: 1700 | AJ30: 389 | AK30: 1700 | AO30: 555 | AP30: 198 | AT30: 19894 | AU30: 18577 | BD30: 641 | BE30: 636 | BF30: 248 | BG30: 363 | BH30: 684 | BI30: 158 | BJ30: 223 | BK30: 238 | BL30: 173 | BM30: 694 | BN30: 2072 | BO30: 2334 | BP30: 305 | BQ30: 85 | BR30: 229 | BS30: 239 | BT30: 1681 | BU30: 289 | BV30: 1415 | BW30: 115 | BX30: 307 | BY30: 145 | BZ30: 188 | CA30: 99 | CB30: 183 | CC30: 195 | CD30: 594 | CE30: 208 | CF30: 99 | CG30: 174 | CH30: 1843 | CI30: 200 | CJ30: 268 | CK30: 230 | CL30: 2050 | CM30: 338 | CN30: 126 | CO30: 196 | CP30: 287 | CQ30: 194 | CR30: 163 | CS30: 380 | CT30: 327 | CU30: 159 | CV30: 206 | CW30: 210 | CX30: 498 | CY30: 823 | CZ30: 167 | DA30: 279 | DB30: 347
A31: 2,3-Cl2-BT | B31: 2,3-Cl2-BT Results | D31: 0 | J31: 22460 | K31: 29972 | L31: 501 | P31: 1 | Q31: 1 | R31: 3 | V31: 6 | W31: 1 | Y31: 10 | Z31: 215580 | AB31: 0 | AC31: 2 | AF31: 4 | AK31: 4 | AO31: 0 | AT31: 11015 | AU31: 9282 | BD31: 1 | BH31: 3 | BJ31: 3 | BK31: 2 | BL31: 2 | BM31: 0 | BQ31: 2 | BR31: 3 | BV31: 2 | BX31: 1 | BZ31: 2 | CC31: 2 | CD31: 3 | CE31: 0 | CF31: 3 | CG31: 2 | CI31: 9 | CJ31: 1 | CK31: 4 | CM31: 1 | CO31: 1 | CP31: 1 | CQ31: 0 | CT31: 1 | CU31: 5 | CV31: 1 | CW31: 1 | CY31: 1 | CZ31: 6 | DB31: 1
A32: DBF-d8 | B32: DBF-d8 Results | D32: 12 | E32: 8 | F32: 12 | J32: 96791 | K32: 112481 | L32: 2276 | P32: 10 | Q32: 2 | R32: 29 | V32: 5 | Y32: 160 | Z32: 100085 | AB32: 18 | AE32: 33415 | AF32: 33680 | AJ32: 33415 | AK32: 33680 | AO32: 45355 | AP32: 36791 | AT32: 44103 | AU32: 42970 | BD32: 32267 | BE32: 39745 | BF32: 57110 | BG32: 60718 | BH32: 58113 | BI32: 40816 | BJ32: 35454 | BK32: 33579 | BL32: 26175 | BM32: 35305 | BN32: 35511 | BO32: 39236 | BP32: 35308 | BQ32: 22482 | BR32: 25428 | BS32: 23424 | BT32: 24841 | BU32: 27225 | BV32: 19236 | BW32: 21425 | BX32: 28769 | BY32: 25126 | BZ32: 26818 | CA32: 21920 | CB32: 27955 | CC32: 29043 | CD32: 28545 | CE32: 30296 | CF32: 29292 | CG32: 26106 | CH32: 24928 | CI32: 25995 | CJ32: 29762 | CK32: 24865 | CL32: 27746 | CM32: 25279 | CN32: 31845 | CO32: 24787 | CP32: 23868 | CQ32: 23455 | CR32: 23804 | CS32: 25449 | CT32: 27087 | CU32: 26580 | CV32: 41657 | CW32: 27884 | CX32: 27990 | CY32: 29159 | CZ32: 29672 | DA32: 28875 | DB32: 33041
A33: DBF | B33: DBF Results | D33: 428 | E33: 394 | F33: 357 | J33: 100943 | K33: 124347 | L33: 2574 | P33: 191 | Q33: 119 | R33: 227 | V33: 39 | W33: 88 | Y33: 19 | Z33: 879787 | AB33: 103 | AC33: 2 | AE33: 942 | AF33: 797 | AJ33: 942 | AK33: 797 | AO33: 1207 | AP33: 512 | AT33: 47426 | AU33: 43728 | BD33: 810 | BE33: 1158 | BF33: 785 | BG33: 1111 | BH33: 1181 | BI33: 917 | BJ33: 480 | BK33: 701 | BL33: 584 | BM33: 1405 | BN33: 716 | BO33: 610 | BP33: 726 | BQ33: 439 | BR33: 459 | BS33: 697 | BT33: 446 | BU33: 501 | BV33: 438 | BW33: 422 | BX33: 560 | BY33: 651 | BZ33: 822 | CA33: 382 | CB33: 642 | CC33: 546 | CD33: 630 | CE33: 665 | CF33: 481 | CG33: 431 | CH33: 541 | CI33: 473 | CJ33: 535 | CK33: 365 | CL33: 415 | CM33: 413 | CN33: 420 | CO33: 480 | CP33: 553 | CQ33: 611 | CR33: 465 | CS33: 613 | CT33: 562 | CU33: 476 | CV33: 328 | CW33: 557 | CX33: 699 | CY33: 642 | CZ33: 678 | DA33: 613 | DB33: 572
A34: 2-Br-Qui | B34: 2-Br-Qui Results | D34: 9 | E34: 8 | F34: 25 | J34: 22202 | K34: 31151 | L34: 582 | P34: 5 | Q34: 15 | R34: 15 | V34: 14 | W34: 7 | Y34: 6 | Z34: 206555 | AB34: 6 | AC34: 3 | AE34: 14 | AJ34: 14 | AO34: 163 | AP34: 254 | AT34: 12993 | AU34: 10256 | BD34: 7 | BE34: 10 | BG34: 31 | BH34: 30 | BI34: 77 | BJ34: 6 | BL34: 28 | BM34: 23 | BN34: 13 | BO34: 6 | BR34: 13 | BS34: 22 | BT34: 7 | BU34: 20 | BW34: 13 | BX34: 5 | BZ34: 7 | CA34: 35 | CB34: 7 | CC34: 17 | CD34: 40 | CE34: 8 | CF34: 9 | CG34: 48 | CH34: 9 | CI34: 24 | CK34: 27 | CL34: 20 | CM34: 9 | CN34: 7 | CO34: 26 | CP34: 25 | CQ34: 18 | CR34: 13 | CS34: 23 | CU34: 44 | CV34: 17 | CW34: 6 | CY34: 20 | CZ34: 54 | DA34: 62 | DB34: 25
A35: 5-Cl-Ind | B35: 5-Cl-Ind Results | J35: 17532 | K35: 24844 | L35: 672 | P35: 3 | Q35: 7 | V35: 0 | Y35: 11 | Z35: 165883 | AB35: 0 | AC35: 6 | AE35: 3 | AF35: 3 | AJ35: 3 | AK35: 3 | AO35: 4 | AP35: 31 | AT35: 11831 | AU35: 7594 | BD35: 7 | BE35: 33 | BF35: 10491 | BG35: 25 | BH35: 256 | BI35: 71 | BJ35: 31 | BK35: 24 | BL35: 7 | BM35: 1 | BN35: 58 | BO35: 8 | BP35: 8 | BQ35: 3 | BR35: 329 | BS35: 289 | BT35: 129 | BU35: 4 | BV35: 5 | BW35: 40 | BX35: 4 | BY35: 86 | BZ35: 16 | CA35: 39 | CB35: 23 | CC35: 203 | CD35: 28 | CE35: 29 | CF35: 6 | CG35: 7 | CH35: 4 | CI35: 2 | CJ35: 30 | CK35: 4 | CL35: 8 | CM35: 5 | CN35: 8 | CO35: 47 | CP35: 12 | CQ35: 4 | CR35: 64 | CS35: 2 | CT35: 2 | CU35: 3 | CV35: 4 | CW35: 29 | CX35: 48 | CY35: 35 | CZ35: 2 | DA35: 14
A36: C3-Nap (t1) | B36: C3-Nap (t1) Results | D36: 480 | E36: 711 | F36: 971 | J36: 422 | K36: 784 | L36: 471 | P36: 319 | Q36: 508 | R36: 790 | V36: 251 | W36: 183 | Y36: 279 | Z36: 2846 | AB36: 119 | AC36: 60 | AE36: 523 | AF36: 881 | AJ36: 523 | AK36: 881 | AO36: 827 | AP36: 985 | AT36: 1508 | AU36: 1518 | BD36: 1003 | BE36: 1422 | BF36: 1128 | BG36: 1288 | BH36: 1755 | BI36: 1109 | BJ36: 1234 | BK36: 1039 | BL36: 883 | BM36: 1383 | BN36: 1188 | BO36: 743 | BP36: 898 | BQ36: 985 | BR36: 900 | BS36: 891 | BT36: 984 | BU36: 853 | BV36: 1150 | BW36: 619 | BX36: 886 | BY36: 980 | BZ36: 802 | CA36: 764 | CB36: 735 | CC36: 1074 | CD36: 1036 | CE36: 979 | CF36: 1032 | CG36: 886 | CH36: 946 | CI36: 1154 | CJ36: 913 | CK36: 1067 | CL36: 902 | CM36: 997 | CN36: 1194 | CO36: 1322 | CP36: 1380 | CQ36: 1126 | CR36: 1130 | CS36: 1594 | CT36: 1118 | CU36: 1284 | CV36: 1237 | CW36: 1357 | CX36: 1667 | CY36: 1516 | CZ36: 1601 | DA36: 1298 | DB36: 1543
A37: C3-Nap (t2) | B37: C3-Nap (t2) Results | D37: 41004 | E37: 38493 | F37: 48522 | J37: 653 | K37: 1372 | L37: 1111 | P37: 510 | Q37: 1095 | R37: 1675 | V37: 4218 | W37: 11226 | Y37: 403 | Z37: 936 | AB37: 379 | AC37: 221 | AE37: 27437 | AF37: 27985 | AJ37: 27437 | AK37: 27985 | AO37: 35954 | AP37: 31938 | AT37: 57686 | AU37: 47767 | BD37: 27980 | BE37: 43498 | BF37: 46930 | BG37: 54641 | BH37: 47228 | BI37: 29562 | BJ37: 28876 | BK37: 26685 | BL37: 22173 | BM37: 32492 | BN37: 35416 | BO37: 32771 | BP37: 33273 | BQ37: 28452 | BR37: 27733 | BS37: 26632 | BT37: 26716 | BU37: 27671 | BV37: 22633 | BW37: 23704 | BX37: 29960 | BY37: 26912 | BZ37: 25787 | CA37: 23111 | CB37: 26257 | CC37: 26826 | CD37: 27233 | CE37: 30769 | CF37: 28367 | CG37: 24824 | CH37: 25415 | CI37: 25730 | CJ37: 27714 | CK37: 24751 | CL37: 25505 | CM37: 22036 | CN37: 28195 | CO37: 29005 | CP37: 35576 | CQ37: 33011 | CR37: 35576 | CS37: 31540 | CT37: 32579 | CU37: 32325 | CV37: 26318 | CW37: 32327 | CX37: 51880 | CY37: 42265 | CZ37: 36984 | DA37: 35672 | DB37: 38426
A38: C3-Nap total (2,3,5-TriMeNap) | B38: C3-Nap total (2,3,5-TriMeNap) Results | D38: 41484 | E38: 39204 | F38: 49493 | J38: 1075 | K38: 2156 | L38: 1582 | P38: 829 | Q38: 1603 | R38: 2465 | V38: 4469 | W38: 11409 | Y38: 682 | Z38: 3783 | AB38: 498 | AC38: 281 | AE38: 27960 | AF38: 28865 | AJ38: 27960 | AK38: 28865 | AO38: 36781 | AP38: 32923 | AT38: 59194 | AU38: 49286 | BD38: 28983 | BE38: 44920 | BF38: 48058 | BG38: 55930 | BH38: 48983 | BI38: 30671 | BJ38: 30109 | BK38: 27723 | BL38: 23056 | BM38: 33875 | BN38: 36604 | BO38: 33514 | BP38: 34171 | BQ38: 29437 | BR38: 28633 | BS38: 27524 | BT38: 27701 | BU38: 28524 | BV38: 23783 | BW38: 24322 | BX38: 30846 | BY38: 27892 | BZ38: 26590 | CA38: 23875 | CB38: 26992 | CC38: 27900 | CD38: 28269 | CE38: 31748 | CF38: 29399 | CG38: 25711 | CH38: 26361 | CI38: 26883 | CJ38: 28627 | CK38: 25819 | CL38: 26407 | CM38: 23033 | CN38: 29389 | CO38: 30327 | CP38: 36956 | CQ38: 34137 | CR38: 36706 | CS38: 33134 | CT38: 33698 | CU38: 33609 | CV38: 27556 | CW38: 33684 | CX38: 53547 | CY38: 43781 | CZ38: 38585 | DA38: 36970 | DB38: 39969
A39: 2,3,5-TriMeNap (C3-Nap) | B39: 2,3,5-TriMeNap (C3-Nap) Results | D39: 40169 | E39: 36856 | F39: 46157 | J39: 0 | K39: 0 | L39: 0 | P39: 0 | Q39: 0 | R39: 0 | V39: 3865 | W39: 10763 | Y39: 0 | Z39: 0 | AB39: 0 | AC39: 0 | AE39: 8751 | AF39: 8699 | AJ39: 8751 | AK39: 8699 | AO39: 10188 | AP39: 9680 | AT39: 28674 | AU39: 22643 | BD39: 8228 | BE39: 14255 | BF39: 12941 | BG39: 16424 | BH39: 13338 | BI39: 6901 | BJ39: 8365 | BK39: 6960 | BL39: 5815 | BM39: 9309 | BN39: 10088 | BO39: 9763 | BP39: 8585 | BQ39: 8569 | BR39: 8385 | BS39: 8590 | BT39: 8392 | BU39: 8423 | BV39: 6496 | BW39: 7064 | BX39: 9215 | BY39: 7945 | BZ39: 7824 | CA39: 6503 | CB39: 7760 | CC39: 7772 | CD39: 7815 | CE39: 8722 | CF39: 8934 | CG39: 7396 | CH39: 7676 | CI39: 7955 | CJ39: 8745 | CK39: 7499 | CL39: 7927 | CM39: 6740 | CN39: 9232 | CO39: 9133 | CP39: 10512 | CQ39: 9745 | CR39: 10271 | CS39: 9443 | CT39: 10213 | CU39: 10186 | CV39: 8578 | CW39: 10366 | CX39: 14368 | CY39: 12276 | CZ39: 11200 | DA39: 10600 | DB39: 12031
A40: Flu-d10 | B40: Flu-d10 Results | D40: 72090 | E40: 60635 | F40: 77196 | J40: 80187 | K40: 89786 | L40: 2113 | P40: 83590 | Q40: 81628 | R40: 103869 | V40: 66833 | W40: 1928 | Y40: 141 | Z40: 83623 | AB40: 85978 | AC40: 193 | AE40: 30463 | AF40: 23416 | AJ40: 30463 | AK40: 23416 | AO40: 34843 | AP40: 26291 | AT40: 34163 | AU40: 22487 | BD40: 26362 | BE40: 42664 | BF40: 45457 | BG40: 50461 | BH40: 48094 | BI40: 21656 | BJ40: 26892 | BK40: 23469 | BL40: 20145 | BM40: 25479 | BN40: 21255 | BO40: 23604 | BP40: 23015 | BQ40: 19424 | BR40: 20133 | BS40: 19602 | BT40: 20224 | BU40: 21007 | BV40: 15639 | BW40: 17536 | BX40: 23267 | BY40: 21536 | BZ40: 22619 | CA40: 17536 | CB40: 23810 | CC40: 23818 | CD40: 24238 | CE40: 26252 | CF40: 21612 | CG40: 18740 | CH40: 18689 | CI40: 18931 | CJ40: 21293 | CK40: 17864 | CL40: 18746 | CM40: 17934 | CN40: 21514 | CO40: 19088 | CP40: 19421 | CQ40: 19072 | CR40: 19878 | CS40: 39829 | CT40: 21498 | CU40: 21770 | CV40: 18507 | CW40: 23007 | CX40: 46972 | CY40: 25029 | CZ40: 24222 | DA40: 22663 | DB40: 26103
A41: Flu | B41: Flu Results | D41: 29441 | E41: 25655 | F41: 33392 | J41: 0 | K41: 0 | L41: 559 | P41: 0 | Q41: 36931 | R41: 47970 | V41: 2550 | W41: 7354 | Y41: 0 | Z41: 0 | AB41: 0 | AC41: 0 | AE41: 220 | AF41: 280 | AJ41: 220 | AK41: 280 | AO41: 195 | AP41: 318 | AT41: 16304 | AU41: 11904 | BD41: 326 | BE41: 432 | BF41: 322 | BG41: 380 | BH41: 265 | BI41: 138 | BJ41: 181 | BK41: 209 | BL41: 91 | BM41: 368 | BN41: 188 | BO41: 139 | BP41: 171 | BQ41: 240 | BR41: 200 | BS41: 158 | BT41: 150 | BU41: 110 | BV41: 200 | BW41: 214 | BX41: 144 | BY41: 325 | BZ41: 203 | CA41: 312 | CB41: 176 | CC41: 173 | CD41: 193 | CE41: 184 | CF41: 331 | CG41: 222 | CH41: 106 | CI41: 172 | CJ41: 149 | CK41: 217 | CL41: 248 | CM41: 118 | CN41: 130 | CO41: 45 | CP41: 332 | CQ41: 328 | CR41: 290 | CS41: 201 | CT41: 180 | CU41: 191 | CV41: 80 | CW41: 263 | CX41: 469 | CY41: 375 | CZ41: 265 | DA41: 221 | DB41: 189
A42: 3-Br-IQui | B42: 3-Br-IQui Results | D42: 0 | E42: 17 | F42: 0 | J42: 23576 | K42: 30349 | L42: 630 | P42: 0 | Q42: 14 | R42: 0 | V42: 0 | W42: 0 | Y42: 4 | Z42: 208059 | AB42: 0 | AC42: 0 | AE42: 38 | AF42: 33 | AJ42: 38 | AK42: 33 | AO42: 37 | AP42: 37 | AT42: 9799 | AU42: 7922 | BD42: 52 | BE42: 66 | BF42: 21 | BG42: 12 | BH42: 84 | BI42: 22 | BJ42: 0 | BK42: 0 | BL42: 0 | BM42: 8 | BN42: 9 | BO42: 12 | BP42: 15 | BQ42: 16 | BR42: 21 | BS42: 15 | BT42: 14 | BU42: 0 | BV42: 14 | BW42: 7 | BX42: 15 | BY42: 16 | BZ42: 12 | CA42: 13 | CB42: 0 | CC42: 0 | CD42: 0 | CE42: 6 | CF42: 7 | CG42: 32 | CH42: 8 | CI42: 0 | CJ42: 20 | CK42: 9 | CL42: 31 | CM42: 44 | CN42: 19 | CO42: 12 | CP42: 11 | CQ42: 18 | CR42: 25 | CS42: 18 | CT42: 10 | CU42: 8 | CV42: 44 | CW42: 39 | CX42: 0 | CY42: 0 | CZ42: 7 | DA42: 6 | DB42: 7
A43: 2,3,4-TriMeBT | B43: 2,3,4-TriMeBT Results | D43: 0 | E43: 0 | F43: 0 | J43: 50951 | K43: 58846 | L43: 1247 | P43: 0 | Q43: 0 | R43: 0 | V43: 0 | W43: 0 | Y43: 9 | Z43: 427849 | AB43: 0 | AC43: 0 | AE43: 19 | AF43: 32 | AJ43: 19 | AK43: 32 | AO43: 168 | AP43: 275 | AT43: 25252 | AU43: 17497 | BD43: 350 | BE43: 757 | BF43: 78 | BG43: 52 | BH43: 312 | BI43: 56 | BJ43: 12 | BK43: 16 | BL43: 82 | BM43: 39 | BN43: 0 | BO43: 22 | BP43: 25 | BQ43: 38 | BR43: 13 | BS43: 13 | BT43: 16 | BU43: 0 | BV43: 10 | BW43: 52 | BX43: 19 | BY43: 60 | BZ43: 0 | CA43: 0 | CB43: 0 | CC43: 50 | CD43: 136 | CE43: 84 | CF43: 135 | CG43: 68 | CH43: 30 | CI43: 105 | CJ43: 66 | CK43: 72 | CL43: 8 | CM43: 140 | CN43: 66 | CO43: 47 | CP43: 72 | CQ43: 67 | CR43: 71 | CS43: 98 | CT43: 84 | CU43: 106 | CV43: 125 | CW43: 24 | CX43: 56 | CY43: 187 | CZ43: 92 | DA43: 138 | DB43: 137
A44: 2-MeDBF | B44: 2-MeDBF Results | D44: 0 | E44: 0 | F44: 0 | J44: 42033 | K44: 50674 | L44: 1135 | P44: 0 | Q44: 0 | R44: 0 | V44: 0 | W44: 0 | Y44: 11 | Z44: 399903 | AB44: 0 | AC44: 0 | AE44: 119 | AF44: 100 | AJ44: 119 | AK44: 100 | AO44: 118 | AP44: 92 | AT44: 22275 | AU44: 16861 | BD44: 136 | BE44: 116 | BF44: 155 | BG44: 152 | BH44: 108 | BI44: 60 | BJ44: 109 | BK44: 100 | BL44: 101 | BM44: 135 | BN44: 142 | BO44: 148 | BP44: 91 | BQ44: 172 | BR44: 111 | BS44: 101 | BT44: 77 | BU44: 84 | BV44: 117 | BW44: 89 | BX44: 103 | BY44: 136 | BZ44: 116 | CA44: 137 | CB44: 96 | CC44: 138 | CD44: 99 | CE44: 143 | CF44: 112 | CG44: 54 | CH44: 0 | CI44: 0 | CJ44: 80 | CK44: 0 | CL44: 60 | CM44: 0 | CN44: 0 | CO44: 0 | CP44: 160 | CQ44: 186 | CR44: 184 | CS44: 101 | CT44: 117 | CU44: 0 | CV44: 0 | CW44: 0 | CX44: 326 | CY44: 212 | CZ44: 146 | DA44: 187 | DB44: 100
A45: 5-Br-Ind | B45: 5-Br-Ind Results | D45: 0 | E45: 0 | F45: 0 | J45: 24381 | K45: 33500 | L45: 926 | P45: 0 | Q45: 0 | R45: 0 | V45: 0 | W45: 0 | Y45: 5 | Z45: 202532 | AB45: 0 | AC45: 0 | AE45: 24 | AF45: 26 | AJ45: 24 | AK45: 26 | AO45: 31 | AP45: 17 | AT45: 13315 | AU45: 10990 | BD45: 534 | BE45: 154 | BF45: 25395 | BG45: 173 | BH45: 459 | BI45: 46 | BJ45: 36 | BK45: 104 | BL45: 8 | BM45: 113 | BN45: 181 | BO45: 25 | BP45: 195 | BQ45: 118 | BR45: 494 | BS45: 274 | BT45: 486 | BU45: 72 | BV45: 213 | BW45: 197 | BX45: 73 | BY45: 64 | BZ45: 218 | CA45: 41 | CB45: 205 | CC45: 248 | CD45: 195 | CE45: 295 | CF45: 686 | CG45: 111 | CH45: 121 | CI45: 86 | CJ45: 174 | CK45: 99 | CL45: 38 | CM45: 30 | CN45: 0 | CO45: 147 | CP45: 100 | CQ45: 107 | CR45: 395 | CS45: 287 | CT45: 349 | CU45: 408 | CV45: 187 | CW45: 1193 | CX45: 811 | CY45: 359 | CZ45: 293 | DA45: 313 | DB45: 413
A46: C2-Flu (9-EtFlu) | B46: C2-Flu (9-EtFlu) Results | D46: 796 | E46: 1147 | F46: 1329 | J46: 199 | K46: 561 | L46: 606 | P46: 361 | Q46: 772 | R46: 741 | V46: 463 | W46: 409 | Y46: 386 | Z46: 246 | AB46: 158 | AC46: 202 | AE46: 321 | AF46: 793 | AJ46: 321 | AK46: 793 | AO46: 698 | AP46: 868 | AT46: 1883 | AU46: 1289 | BD46: 1154 | BE46: 1246 | BF46: 1497 | BG46: 1538 | BH46: 1294 | BI46: 779 | BJ46: 1152 | BK46: 810 | BL46: 782 | BM46: 972 | BN46: 1148 | BO46: 845 | BP46: 858 | BQ46: 830 | BR46: 980 | BS46: 678 | BT46: 931 | BU46: 657 | BV46: 821 | BW46: 575 | BX46: 803 | BY46: 706 | BZ46: 644 | CA46: 651 | CB46: 891 | CC46: 1089 | CD46: 881 | CE46: 838 | CF46: 884 | CG46: 1002 | CH46: 855 | CI46: 1031 | CJ46: 905 | CK46: 872 | CL46: 859 | CM46: 954 | CN46: 958 | CO46: 1106 | CP46: 873 | CQ46: 792 | CR46: 741 | CS46: 1152 | CT46: 963 | CU46: 1147 | CV46: 1073 | CW46: 1052 | CX46: 1029 | CY46: 1328 | CZ46: 1400 | DA46: 1100 | DB46: 1329
A47: 9-EtFlu (C2-Flu) | B47: 9-EtFlu (C2-Flu) Results | D47: 504 | E47: 424 | F47: 537 | J47: 0 | K47: 13 | L47: 6 | P47: 0 | Q47: 17 | R47: 10 | V47: 55 | W47: 139 | Y47: 0 | Z47: 0 | AB47: 0 | AC47: 0 | AE47: 83 | AF47: 80 | AJ47: 83 | AK47: 80 | AO47: 106 | AP47: 60 | AT47: 405 | AU47: 197 | BD47: 51 | BE47: 906 | BF47: 52 | BG47: 66 | BH47: 38 | BI47: 38 | BJ47: 26 | BK47: 456 | BL47: 22 | BM47: 144 | BN47: 66 | BO47: 53 | BP47: 37 | BQ47: 27 | BR47: 19 | BS47: 59 | BT47: 20 | BU47: 35 | BV47: 20 | BW47: 6 | BX47: 384 | BY47: 90 | BZ47: 46 | CA47: 54 | CB47: 477 | CC47: 55 | CD47: 37 | CE47: 24 | CF47: 27 | CG47: 35 | CH47: 14 | CI47: 21 | CJ47: 17 | CK47: 21 | CL47: 18 | CM47: 324 | CN47: 18 | CO47: 29 | CP47: 364 | CQ47: 252 | CR47: 63 | CS47: 29 | CT47: 78 | CU47: 47 | CV47: 306 | CW47: 406 | CX47: 125 | CY47: 30 | CZ47: 51 | DA47: 30 | DB47: 29
... A54: 1-MeFlu (C1-Flu) | B54: 1-MeFlu (C1-Flu) Results | D54: 65816 | E54: 46250 | F54: 60465 | J54: 0 | K54: 0 | L54: 0 | P54: 0 | Q54: 0 | R54: 0 | V54: 5055 | W54: 12459 | Y54: 0 | Z54: 0 | AB54: 0 | AC54: 0 | AE54: 76 | AF54: 347 | AJ54: 76 | AK54: 347 | AO54: 95 | AP54: 235 | AT54: 37470 | AU54: 20355 | BD54: 144 | BE54: 158 | BF54: 653 | BG54: 705 | BH54: 713 | BI54: 224 | BJ54: 326 | BK54: 340 | BL54: 233 | BM54: 258 | BN54: 414 | BO54: 633 | BP54: 234 | BQ54: 656 | BR54: 280 | BS54: 234 | BT54: 251 | BU54: 222 | BV54: 302 | BW54: 383 | BX54: 423 | BY54: 332 | BZ54: 216 | CA54: 446 | CB54: 412 | CC54: 464 | CD54: 392 | CE54: 566 | CF54: 235 | CG54: 334 | CH54: 327 | CI54: 182 | CJ54: 84 | CK54: 151 | CL54: 275 | CM54: 98 | CN54: 330 | CO54: 352 | CP54: 532 | CQ54: 701 | CR54: 620 | CS54: 271 | CT54: 280 | CU54: 388 | CV54: 218 | CW54: 272 | CX54: 1204 | CY54: 784 | CZ54: 495 | DA54: 304 | DB54: 321
A55: 9-Cl-Flu | B55: 9-Cl-Flu Results | D55: 0 | E55: 0 | F55: 0 | J55: 0 | K55: 0 | L55: 0 | P55: 67764 | Q55: 84546 | R55: 113329 | V55: 0 | W55: 0 | Y55: 0 | Z55: 0 | AB55: 1374 | AC55: 154 | AE55: 0 | AF55: 2 | AJ55: 0 | AK55: 2 | AO55: 2 | AP55: 4 | AT55: 15614 | AU55: 10052 | BD55: 6 | BE55: 1 | BF55: 9 | BG55: 0 | BH55: 0 | BI55: 5 | BJ55: 4 | BK55: 4 | BL55: 1 | BM55: 0 | BN55: 10 | BO55: 1 | BP55: 1 | BQ55: 1 | BR55: 3 | BS55: 6 | BT55: 4 | BU55: 4 | BV55: 4 | BW55: 5 | BX55: 1 | BY55: 0 | BZ55: 2 | CA55: 0 | CB55: 2 | CD55: 3 | CE55: 2 | CF55: 2 | CH55: 2 | CI55: 5 | CJ55: 1 | CK55: 6 | CL55: 4 | CN55: 1 | CO55: 7 | CP55: 8 | CS55: 5 | CT55: 1 | CU55: 8 | CV55: 2 | CW55: 6 | CX55: 2 | CY55: 10 | CZ55: 3 | DA55: 4 | DB55: 4
A56: DBT-d8 | B56: DBT-d8 Results | D56: 0 | E56: 0 | F56: 0 | J56: 5031 | K56: 6027 | L56: 111 | P56: 0 | Q56: 0 | R56: 0 | V56: 0 | W56: 0 | Y56: 4 | Z56: 4777 | AB56: 0 | AC56: 0 | AE56: 1471 | AF56: 1632 | AJ56: 1471 | AK56: 1632 | AO56: 2573 | AP56: 1835 | AT56: 3051 | AU56: 1923 | BD56: 2030 | BE56: 2340 | BF56: 3296 | BG56: 3790 | BH56: 1853 | BI56: 1570 | BJ56: 1840 | BK56: 1826 | BL56: 1363 | BM56: 2135 | BN56: 1759 | BO56: 1774 | BP56: 1700 | BQ56: 1187 | BR56: 1436 | BS56: 1404 | BT56: 1423 | BU56: 1468 | BV56: 1129 | BW56: 1088 | BX56: 1414 | BY56: 1281 | BZ56: 1514 | CA56: 1269 | CB56: 1438 | CC56: 1421 | CD56: 1433 | CE56: 1603 | CF56: 1100 | CG56: 1378 | CH56: 1429 | CI56: 1242 | CJ56: 1600 | CK56: 1456 | CL56: 1572 | CM56: 1371 | CN56: 1636 | CO56: 1468 | CP56: 1456 | CQ56: 1264 | CR56: 1263 | CS56: 1509 | CT56: 1388 | CU56: 1547 | CV56: 2118 | CW56: 1368 | CX56: 1668 | CY56: 1470 | CZ56: 1734 | DA56: 1458 | DB56: 1691
A57: DBT | B57: DBT Results | D57: 44735 | E57: 34431 | F57: 45098 | J57: 42872 | K57: 45921 | L57: 830 | P57: 0 | Q57: 0 | R57: 0 | V57: 3684 | W57: 9332 | Y57: 6 | Z57: 336081 | AB57: 0 | AC57: 0 | AE57: 17 | AF57: 48 | AJ57: 17 | AK57: 48 | AO57: 113 | AP57: 52 | AT57: 51530 | AU57: 28286 | BD57: 58 | BE57: 79 | BF57: 84 | BG57: 84 | BH57: 22 | BI57: 51 | BJ57: 46 | BK57: 41 | BL57: 143 | BM57: 134 | BN57: 223 | BO57: 181 | BP57: 152 | BQ57: 252 | BR57: 97 | BS57: 111 | BT57: 156 | BU57: 126 | BV57: 78 | BW57: 111 | BX57: 216 | BY57: 111 | BZ57: 96 | CA57: 148 | CB57: 121 | CC57: 259 | CD57: 133 | CE57: 190 | CF57: 60 | CG57: 30 | CH57: 55 | CI57: 34 | CJ57: 50 | CK57: 68 | CL57: 47 | CM57: 38 | CN57: 51 | CO57: 27 | CP57: 208 | CQ57: 244 | CR57: 258 | CS57: 112 | CT57: 72 | CU57: 169 | CV57: 47 | CW57: 103 | CX57: 361 | CY57: 262 | CZ57: 158 | DA57: 145 | DB57: 111
A58: 2,3-Br2-BT | B58: 2,3-Br2-BT Results
A59: C3-Flu (t1) | B59: C3-Flu (t1) Results | D59: 29126 | E59: 24394 | F59: 29143 | J59: 71 | K59: 375 | L59: 265 | P59: 137 | Q59: 320 | R59: 385 | V59: 3071 | W59: 6292 | Y59: 260 | Z59: 57 | AB59: 74 | AC59: 44 | AE59: 231 | AF59: 536 | AJ59: 231 | AK59: 536 | AO59: 600 | AP59: 652 | AT59: 18981 | AU59: 10034 | BD59: 625 | BE59: 838 | BF59: 1006 | BG59: 685 | BH59: 942 | BI59: 537 | BJ59: 564 | BK59: 410 | BL59: 626 | BM59: 591 | BN59: 759 | BO59: 336 | BP59: 382 | BQ59: 458 | BR59: 492 | BS59: 280 | BT59: 564 | BU59: 411 | BV59: 544 | BW59: 240 | BX59: 328 | BY59: 360 | BZ59: 352 | CA59: 324 | CB59: 469 | CC59: 500 | CD59: 415 | CE59: 551 | CF59: 545 | CG59: 688 | CH59: 339 | CI59: 424 | CJ59: 556 | CK59: 372 | CL59: 340 | CM59: 448 | CN59: 605 | CO59: 763 | CP59: 450 | CQ59: 395 | CR59: 423 | CS59: 533 | CT59: 526 | CU59: 607 | CV59: 758 | CW59: 684 | CX59: 496 | CY59: 686 | CZ59: 700 | DA59: 683 | DB59: 629
A60: C3-Flu (t2) | B60: C3-Flu (t2) Results | D60: 6150 | E60: 4993 | F60: 6602 | J60: 201 | K60: 562 | L60: 361 | P60: 205 | Q60: 440 | R60: 481 | V60: 957 | W60: 1524 | Y60: 384 | Z60: 188 | AB60: 110 | AC60: 134 | AE60: 380 | AF60: 884 | AJ60: 380 | AK60: 884 | AO60: 666 | AP60: 774 | AT60: 4898 | AU60: 2802 | BD60: 780 | BE60: 1026 | BF60: 1116 | BG60: 768 | BH60: 1040 | BI60: 666 | BJ60: 693 | BK60: 528 | BL60: 841 | BM60: 917 | BN60: 1313 | BO60: 1309 | BP60: 697 | BQ60: 757 | BR60: 728 | BS60: 524 | BT60: 773 | BU60: 657 | BV60: 890 | BW60: 479 | BX60: 528 | BY60: 754 | BZ60: 628 | CA60: 592 | CB60: 701 | CC60: 780 | CD60: 614 | CE60: 715 | CF60: 677 | CG60: 774 | CH60: 641 | CI60: 671 | CJ60: 747 | CK60: 690 | CL60: 618 | CM60: 513 | CN60: 605 | CO60: 885 | CP60: 634 | CQ60: 584 | CR60: 418 | CS60: 747 | CT60: 570 | CU60: 786 | CV60: 732 | CW60: 719 | CX60: 800 | CY60: 861 | CZ60: 794 | DA60: 670 | DB60: 842
A61: C3-Flu total (9-PropFlu) | B61: C3-Flu total (9-PropFlu) Results | D61: 35275 | E61: 29387 | F61: 35746 | J61: 271 | K61: 936 | L61: 626 | P61: 342 | Q61: 760 | R61: 865 | V61: 4028 | W61: 7815 | Y61: 643 | Z61: 245 | AB61: 184 | AC61: 179 | AE61: 611 | AF61: 1420 | AJ61: 611 | AK61: 1420 | AO61: 1266 | AP61: 1425 | AT61: 23879 | AU61: 12836 | BD61: 1405 | BE61: 1863 | BF61: 2122 | BG61: 1454 | BH61: 1982 | BI61: 1203 | BJ61: 1257 | BK61: 937 | BL61: 1466 | BM61: 1508 | BN61: 2072 | BO61: 1644 | BP61: 1079 | BQ61: 1214 | BR61: 1220 | BS61: 804 | BT61: 1337 | BU61: 1067 | BV61: 1434 | BW61: 719 | BX61: 857 | BY61: 1114 | BZ61: 980 | CA61: 916 | CB61: 1170 | CC61: 1280 | CD61: 1029 | CE61: 1265 | CF61: 1222 | CG61: 1462 | CH61: 980 | CI61: 1095 | CJ61: 1303 | CK61: 1062 | CL61: 958 | CM61: 961 | CN61: 1211 | CO61: 1648 | CP61: 1084 | CQ61: 980 | CR61: 841 | CS61: 1281 | CT61: 1096 | CU61: 1393 | CV61: 1490 | CW61: 1403 | CX61: 1296 | CY61: 1548 | CZ61: 1494 | DA61: 1352 | DB61: 1471
A62: 9-PropFlu (C3-Flu) | B62: 9-PropFlu (C3-Flu) Results | D62: 5892 | E62: 4638 | F62: 6126 | J62: 14 | K62: 15 | L62: 0 | P62: 13 | Q62: 10 | R62: 0 | V62: 617 | W62: 1351 | Y62: 6 | Z62: 3 | AB62: 3 | AC62: 4 | AE62: 133 | AF62: 196 | AJ62: 133 | AK62: 196 | AO62: 9 | AP62: 158 | AT62: 3805 | AU62: 2007 | BD62: 28 | BE62: 38 | BF62: 65 | BG62: 122 | BH62: 13 | BI62: 17 | BJ62: 46 | BK62: 27 | BL62: 9 | BM62: 133 | BN62: 131 | BO62: 289 | BP62: 138 | BQ62: 100 | BR62: 20 | BS62: 11 | BT62: 45 | BU62: 44 | BV62: 19 | BW62: 13 | BX62: 32 | BY62: 87 | BZ62: 76 | CA62: 90 | CB62: 60 | CC62: 67 | CD62: 7 | CE62: 60 | CF62: 20 | CG62: 10 | CH62: 50 | CI62: 28 | CJ62: 51 | CK62: 13 | CL62: 23 | CM62: 28 | CN62: 18 | CO62: 75 | CP62: 60 | CQ62: 77 | CR62: 30 | CS62: 72 | CT62: 11 | CU62: 87 | CV62: 12 | CW62: 10 | CX62: 8 | CY62: 17 | CZ62: 12 | DA62: 22 | DB62: 24
A63: Phe-d10 | B63: Phe-d10 Results | D63: 39825 | E63: 32350 | F63: 39706 | J63: 43647 | K63: 48316 | L63: 706 | P63: 41980 | Q63: 42552 | R63: 52707 | V63: 37403 | W63: 656 | Y63: 81 | Z63: 41419 | AB63: 48200 | AC63: 177 | AE63: 10963 | AF63: 12660 | AJ63: 10963 | AK63: 12660 | AO63: 20841 | AP63: 13642 | AT63: 26035 | AU63: 12893 | BD63: 16786 | BE63: 19539 | BF63: 26950 | BG63: 29197 | BH63: 15282 | BI63: 13224 | BJ63: 10735 | BK63: 13942 | BL63: 10720 | BM63: 13799 | BN63: 14885 | BO63: 19726 | BP63: 13240 | BQ63: 10134 | BR63: 11851 | BS63: 10764 | BT63: 11282 | BU63: 11294 | BV63: 7909 | BW63: 9643 | BX63: 12432 | BY63: 11638 | BZ63: 12443 | CA63: 9259 | CB63: 12556 | CC63: 12904 | CD63: 11915 | CE63: 14094 | CF63: 9040 | CG63: 10099 | CH63: 10571 | CI63: 9750 | CJ63: 10874 | CK63: 9006 | CL63: 10222 | CM63: 9346 | CN63: 10837 | CO63: 10196 | CP63: 10538 | CQ63: 10584 | CR63: 10297 | CS63: 20878 | CT63: 11579 | CU63: 11616 | CV63: 9695 | CW63: 12042 | CX63: 24889 | CY63: 13106 | CZ63: 12864 | DA63: 11939 | DB63: 13268
A64: Phe | B64: Phe Results | D64: 48893 | E64: 39864 | F64: 53290 | J64: 0 | K64: 0 | L64: 0 | P64: 0 | Q64: 0 | R64: 0 | V64: 4589 | W64: 9766 | Y64: 0 | Z64: 0 | AB64: 0 | AC64: 0 | AE64: 509 | AF64: 798 | AJ64: 509 | AK64: 798 | AO64: 930 | AP64: 754 | AT64: 30753 | AU64: 17809 | BD64: 874 | BE64: 866 | BF64: 1026 | BG64: 1075 | BH64: 759 | BI64: 565 | BJ64: 408 | BK64: 608 | BL64: 1015 | BM64: 1816 | BN64: 2138 | BO64: 2286 | BP64: 1099 | BQ64: 1812 | BR64: 869 | BS64: 1048 | BT64: 1020 | BU64: 949 | BV64: 908 | BW64: 1154 | BX64: 1312 | BY64: 1254 | BZ64: 873 | CA64: 1169 | CB64: 1255 | CC64: 1588 | CD64: 1335 | CE64: 1838 | CF64: 513 | CG64: 654 | CH64: 428 | CI64: 704 | CJ64: 617 | CK64: 794 | CL64: 507 | CM64: 642 | CN64: 595 | CO64: 662 | CP64: 1830 | CQ64: 2282 | CR64: 1357 | CS64: 1010 | CT64: 990 | CU64: 1238 | CV64: 957 | CW64: 1170 | CX64: 1988 | CY64: 1984 | CZ64: 1571 | DA64: 1145 | DB64: 1231
A65: Ant-d10 | B65: Ant-d10 Results | D65: 36201 | E65: 30844 | F65: 38872 | J65: 36586 | K65: 41162 | L65: 557 | P65: 37686 | Q65: 38940 | R65: 48689 | V65: 36029 | W65: 760 | Y65: 75 | Z65: 34772 | AB65: 41957 | AC65: 88 | AE65: 18219 | AF65: 24123 | AJ65: 18219 | AK65: 24123 | AO65: 26057 | AP65: 18162 | AT65: 36078 | AU65: 17227 | BD65: 23044 | BE65: 28468 | BF65: 34657 | BG65: 34552 | BH65: 31329 | BI65: 17252 | BJ65: 14109 | BK65: 18666 | BL65: 14712 | BM65: 19263 | BN65: 23124 | BO65: 23126 | BP65: 18426 | BQ65: 13610 | BR65: 15491 | BS65: 14330 | BT65: 15072 | BU65: 15163 | BV65: 11066 | BW65: 12069 | BX65: 16620 | BY65: 16909 | BZ65: 18969 | CA65: 12576 | CB65: 17055 | CC65: 33310 | CD65: 16968 | CE65: 19380 | CF65: 15756 | CG65: 12261 | CH65: 12986 | CI65: 13682 | CJ65: 13132 | CK65: 12468 | CL65: 11782 | CM65: 11886 | CN65: 14430 | CO65: 13650 | CP65: 12919 | CQ65: 12522 | CR65: 12856 | CS65: 13702 | CT65: 14480 | CU65: 14548 | CV65: 14948 | CW65: 13818 | CX65: 15641 | CY65: 16012 | CZ65: 16874 | DA65: 16417 | DB65: 16816
A66: BhQui | B66: BhQui Results | D66: 0 | E66: 0 | F66: 5888 | J66: 67640 | K66: 80459 | L66: 1427 | P66: 0 | Q66: 0 | R66: 0 | V66: 0 | W66: 0 | Y66: 39 | Z66: 560963 | AB66: 0 | AC66: 0 | AE66: 593 | AF66: 848 | AJ66: 593 | AK66: 848 | AO66: 706 | AP66: 419 | AT66: 40704 | AU66: 25193 | BD66: 50 | BE66: 208 | BF66: 225 | BG66: 57 | BH66: 374 | BI66: 40 | BJ66: 140 | BK66: 263 | BL66: 425 | BM66: 551 | BN66: 571 | BO66: 704 | BP66: 274 | BQ66: 175 | BR66: 108 | BS66: 214 | BT66: 204 | BU66: 93 | BV66: 239 | BW66: 48 | BX66: 96 | BY66: 339 | BZ66: 349 | CA66: 321 | CB66: 60 | CC66: 92 | CD66: 129 | CE66: 774 | CF66: 147 | CG66: 57 | CH66: 138 | CI66: 0 | CJ66: 0 | CK66: 124 | CL66: 76 | CM66: 57 | CN66: 111 | CO66: 230 | CP66: 318 | CQ66: 209 | CR66: 249 | CS66: 196 | CT66: 215 | CU66: 285 | CV66: 235 | CW66: 90 | CX66: 180 | CY66: 125 | CZ66: 559 | DA66: 124 | DB66: 149
A67: Ant | B67: Ant Results | D67: 44618 | E67: 36502 | F67: 47453 | J67: 0 | K67: 0 | L67: 0 | P67: 0 | Q67: 0 | R67: 0 | V67: 3711 | W67: 8055 | Y67: 0 | Z67: 0 | AB67: 0 | AC67: 0 | AE67: 420 | AF67: 414 | AJ67: 420 | AK67: 414 | AO67: 375 | AP67: 184 | AT67: 28192 | AU67: 15793 | BD67: 0 | BE67: 0 | BF67: 64 | BG67: 0 | BH67: 0 | BI67: 0 | BJ67: 0 | BK67: 0 | BL67: 0 | BM67: 517 | BN67: 516 | BO67: 288 | BP67: 0 | BQ67: 0 | BR67: 0 | BS67: 0 | BT67: 288 | BU67: 283 | BV67: 0 | BW67: 0 | BX67: 78 | BY67: 106 | BZ67: 175 | CA67: 259 | CB67: 508 | CC67: 0 | CD67: 0 | CE67: 0 | CF67: 0 | CG67: 0 | CH67: 46 | CI67: 0 | CJ67: 0 | CK67: 0 | CL67: 0 | CM67: 47 | CN67: 0 | CO67: 0 | CP67: 130 | CQ67: 0 | CR67: 0 | CS67: 105 | CT67: 0 | CU67: 0 | CV67: 0 | CW67: 0 | CX67: 0 | CY67: 0 | CZ67: 0 | DA67: 131 | DB67: 0
A68: 2-Cl-Flu | B68: 2-Cl-Flu Results | D68: 0 | E68: 0 | F68: 0 | J68: 0 | K68: 0 | L68: 0 | P68: 927202 | Q68: 919918 | R68: 424715 | V68: 0 | W68: 0 | Y68: 0 | Z68: 0 | AB68: 23558 | AC68: 5056 | AE68: 60 | AF68: 28 | AJ68: 60 | AK68: 28 | AO68: 144 | AP68: 93 | AT68: 158950 | AU68: 89795 | BD68: 21 | BE68: 36 | BF68: 172 | BG68: 233 | BH68: 145 | BI68: 111 | BJ68: 313 | BK68: 187 | BL68: 195 | BM68: 42 | BN68: 626 | BO68: 456 | BP68: 285 | BQ68: 400 | BR68: 469 | BS68: 94 | BT68: 217 | BU68: 147 | BV68: 148 | BW68: 581 | BX68: 193 | BY68: 176 | BZ68: 294 | CA68: 259 | CB68: 225 | CC68: 235 | CD68: 257 | CE68: 385 | CF68: 494 | CG68: 309 | CH68: 140 | CI68: 192 | CJ68: 14 | CK68: 89 | CL68: 200 | CM68: 39 | CN68: 55 | CO68: 58 | CP68: 164 | CQ68: 258 | CR68: 203 | CS68: 19 | CT68: 238 | CU68: 57 | CV68: 284 | CW68: 118 | CX68: 305 | CY68: 109 | CZ68: 53 | DA68: 90 | DB68: 0
A69: Acr-d8 | B69: Acr-d8 Results | D69: 23686 | E69: 19310 | F69: 22853 | J69: 37374 | K69: 46601 | L69: 480 | P69: 22833 | Q69: 23554 | R69: 29485 | V69: 21076 | W69: 362 | Y69: 230 | Z69: 41109 | AB69: 25739 | AC69: 89 | AE69: 5651 | AF69: 3259 | AJ69: 5651 | AK69: 3259 | AO69: 10488 | AP69: 7593 | AT69: 12666 | AU69: 7514 | BD69: 8498 | BE69: 12839 | BF69: 17737 | BG69: 14698 | BH69: 12409 | BI69: 6724 | BJ69: 6450 | BK69: 7925 | BL69: 6469 | BM69: 6377 | BN69: 6647 | BO69: 12213 | BP69: 7066 | BQ69: 4783 | BR69: 5460 | BS69: 3809 | BT69: 4896 | BU69: 4831 | BV69: 3091 | BW69: 3958 | BX69: 4492 | BY69: 4008 | BZ69: 2759 | CA69: 3696 | CB69: 4336 | CC69: 4557 | CD69: 4887 | CE69: 4935 | CF69: 5604 | CG69: 5226 | CH69: 4988 | CI69: 4803 | CJ69: 5211 | CK69: 4376 | CL69: 4855 | CM69: 3518 | CN69: 5502 | CO69: 4477 | CP69: 4233 | CQ69: 4727 | CR69: 2987 | CS69: 4659 | CT69: 5151 | CU69: 8931 | CV69: 7113 | CW69: 5109 | CX69: 9117 | CY69: 10165 | CZ69: 9939 | DA69: 10033 | DB69: 10700
A70: 1,2,3,4-TetHCar | B70: 1,2,3,4-TetHCar Results | D70: 62 | E70: 199 | J70: 4532 | K70: 7308 | L70: 238 | P70: 35 | Q70: 350 | R70: 43 | V70: 9 | W70: 21 | Y70: 62 | Z70: 48803 | AB70: 30 | AE70: 63 | AF70: 126 | AJ70: 63 | AK70: 126 | AO70: 20 | AP70: 270 | AT70: 3401 | AU70: 1446 | BE70: 89 | BF70: 233 | BG70: 392 | BH70: 1214 | BI70: 153 | BK70: 38 | BL70: 221 | BM70: 239 | BN70: 72 | BO70: 92 | BP70: 232 | BR70: 498 | BS70: 126 | BT70: 56 | BV70: 169 | BW70: 69 | BX70: 528 | BY70: 134 | BZ70: 56 | CA70: 91 | CB70: 34 | CC70: 174 | CD70: 64 | CE70: 88 | CF70: 1673 | CG70: 36 | CI70: 289 | CJ70: 329 | CK70: 340 | CL70: 69 | CN70: 28 | CO70: 244 | CP70: 246 | CQ70: 127 | CR70: 110 | CT70: 155 | CU70: 14 | CV70: 76 | CY70: 163 | DA70: 704
A71: Acr | B71: Acr Results | D71: 0 | E71: 0 | F71: 0 | J71: 53981 | K71: 71869 | L71: 1304 | P71: 0 | Q71: 0 | R71: 0 | V71: 0 | W71: 0 | Y71: 35 | Z71: 501592 | AB71: 0 | AC71: 0 | AE71: 481 | AF71: 13 | AJ71: 481 | AK71: 13 | AO71: 351 | AP71: 67 | AT71: 19739 | AU71: 12248 | BD71: 299 | BE71: 329 | BF71: 152 | BG71: 244 | BH71: 173 | BI71: 236 | BJ71: 152 | BK71: 95 | BL71: 378 | BM71: 465 | BN71: 0 | BO71: 0 | BP71: 230 | BQ71: 0 | BR71: 0 | BS71: 0 | BT71: 161 | BU71: 0 | BV71: 0 | BW71: 307 | BX71: 0 | BY71: 0 | BZ71: 0 | CA71: 436 | CB71: 249 | CC71: 0 | CD71: 0 | CE71: 0 | CF71: 21 | CG71: 21 | CH71: 0 | CI71: 127 | CJ71: 69 | CK71: 25 | CL71: 29 | CM71: 0 | CN71: 0 | CO71: 0 | CP71: 66 | CQ71: 0 | CR71: 0 | CS71: 59 | CT71: 60 | CU71: 73 | CV71: 116 | CW71: 0 | CX71: 0 | CY71: 280 | CZ71: 109 | DA71: 0 | DB71: 64
A72: 5-Br-Ace | B72: 5-Br-Ace Results | D72: 0 | E72: 0 | F72: 0 | J72: 0 | K72: 13 | L72: 0 | P72: 135554 | Q72: 149861 | R72: 177425 | V72: 0 | W72: 0 | Y72: 0 | Z72: 0 | AB72: 3708 | AC72: 775 | AE72: 11 | AF72: 10 | AJ72: 11 | AK72: 10 | AO72: 4 | AP72: 12 | AT72: 27181 | AU72: 13525 | BD72: 29 | BE72: 3 | BF72: 4 | BG72: 10 | BH72: 2 | BI72: 9 | BJ72: 13 | BK72: 5 | BL72: 14 | BM72: 3 | BN72: 1 | BO72: 6 | BP72: 0 | BQ72: 11 | BR72: 2 | BS72: 2 | BT72: 5 | BU72: 0 | BV72: 6 | BW72: 11 | BX72: 11 | BY72: 6 | BZ72: 1 | CA72: 4 | CB72: 12 | CC72: 9 | CD72: 2 | CE72: 15 | CF72: 24 | CG72: 5 | CH72: 10 | CI72: 0 | CJ72: 4 | CK72: 17 | CL72: 2 | CM72: 2 | CN72: 8 | CO72: 3 | CP72: 2 | CQ72: 1 | CR72: 3 | CS72: 6 | CT72: 19 | CU72: 1 | CV72: 0 | CW72: 0 | CX72: 12 | CY72: 2 | CZ72: 3 | DA72: 1 | DB72: 4
A73: 9-MeCar | B73: 9-MeCar Results | D73: 0 | E73: 0 | F73: 0 | J73: 153621 | K73: 194717 | L73: 3585 | P73: 0 | Q73: 0 | R73: 0 | V73: 0 | W73: 0 | Y73: 39 | Z73: 1290626 | AB73: 0 | AC73: 0 | AE73: 55 | AF73: 12 | AJ73: 55 | AK73: 12 | AO73: 27 | AP73: 9 | AT73: 105967 | AU73: 60251 | BD73: 37 | BE73: 61 | BF73: 40 | BG73: 35 | BH73: 0 | BI73: 0 | BJ73: 50 | BK73: 35 | BL73: 52 | BM73: 0 | BN73: 31 | BO73: 51 | BP73: 0 | BQ73: 12 | BR73: 46 | BS73: 10 | BT73: 0 | BU73: 60 | BV73: 0 | BW73: 0 | BX73: 0 | BY73: 11 | BZ73: 10 | CA73: 22 | CB73: 5 | CC73: 18 | CD73: 0 | CE73: 30 | CF73: 5 | CG73: 67 | CH73: 37 | CI73: 19 | CJ73: 28 | CK73: 0 | CL73: 11 | CM73: 0 | CN73: 0 | CO73: 0 | CP73: 0 | CQ73: 0 | CR73: 27 | CS73: 85 | CT73: 0 | CU73: 9 | CV73: 0 | CW73: 8 | CX73: 0 | CY73: 28 | CZ73: 46 | DA73: 18 | DB73: 0
A74: Car-d8 | B74: Car-d8 Results | D74: 35 | E74: 78 | F74: 59 | J74: 26385 | K74: 33814 | L74: 686 | P74: 63 | Q74: 68 | R74: 40 | V74: 31 | W74: 3 | Y74: 202 | Z74: 26217 | AB74: 73 | AC74: 8 | AE74: 10723 | AF74: 11646 | AJ74: 10723 | AK74: 11646 | AO74: 10671 | AP74: 12132 | AT74: 19886 | AU74: 11812 | BD74: 13076 | BE74: 18567 | BF74: 19039 | BG74: 21075 | BH74: 18229 | BI74: 12371 | BJ74: 10375 | BK74: 11538 | BL74: 8831 | BM74: 9576 | BN74: 11011 | BO74: 14853 | BP74: 10254 | BQ74: 8025 | BR74: 9524 | BS74: 7456 | BT74: 7886 | BU74: 9370 | BV74: 6566 | BW74: 7232 | BX74: 9858 | BY74: 8272 | BZ74: 9461 | CA74: 7514 | CB74: 8902 | CC74: 9431 | CD74: 9635 | CE74: 10447 | CF74: 10322 | CG74: 8234 | CH74: 8286 | CI74: 8834 | CJ74: 9069 | CK74: 7830 | CL74: 9009 | CM74: 8265 | CN74: 9855 | CO74: 8243 | CP74: 7613 | CQ74: 7704 | CR74: 7946 | CS74: 8163 | CT74: 9061 | CU74: 9318 | CV74: 14858 | CW74: 8932 | CX74: 10299 | CY74: 9599 | CZ74: 10816 | DA74: 9910 | DB74: 11454
A75: Car | B75: Car Results | D75: 0 | E75: 0 | F75: 0 | J75: 38665 | K75: 46050 | L75: 1018 | P75: 0 | Q75: 9239 | R75: 11282 | V75: 0 | W75: 0 | Y75: 0 | Z75: 305819 | AB75: 0 | AC75: 0 | AE75: 93 | AF75: 87 | AJ75: 93 | AK75: 87 | AO75: 72 | AP75: 55 | AT75: 25589 | AU75: 14984 | BD75: 81 | BE75: 143 | BF75: 65 | BG75: 56 | BH75: 54 | BI75: 93 | BJ75: 76 | BK75: 42 | BL75: 51 | BM75: 49 | BN75: 62 | BO75: 76 | BP75: 46 | BQ75: 0 | BR75: 62 | BS75: 73 | BT75: 15 | BU75: 11 | BV75: 93 | BW75: 91 | BX75: 25 | BY75: 20 | BZ75: 0 | CA75: 52 | CB75: 95 | CC75: 45 | CD75: 61 | CE75: 46 | CF75: 94 | CG75: 113 | CH75: 59 | CI75: 8 | CJ75: 83 | CK75: 0 | CL75: 120 | CM75: 48 | CN75: 40 | CO75: 108 | CP75: 71 | CQ75: 34 | CR75: 0 | CS75: 44 | CT75: 112 | CU75: 57 | CV75: 0 | CW75: 135 | CX75: 66 | CY75: 45 | CZ75: 54 | DA75: 0 | DB75: 26
A76: 9-Br-Flu | B76: 9-Br-Flu Results | D76: 0 | E76: 0 | F76: 0 | J76: 0 | K76: 0 | L76: 0 | P76: 67634 | Q76: 76566 | R76: 97121 | V76: 0 | W76: 0 | Y76: 0 | Z76: 0 | AB76: 1879 | AC76: 433 | AE76: 2 | AF76: 1 | AJ76: 2 | AK76: 1 | AO76: 1 | AP76: 1 | AT76: 16086 | AU76: 9338 | BD76: 7 | BE76: 5 | BF76: 5 | BG76: 5 | BH76: 2 | BI76: 5 | BJ76: 2 | BK76: 15 | BL76: 11 | BM76: 0 | BN76: 7 | BO76: 0 | BP76: 2 | BQ76: 11 | BR76: 0 | BS76: 5 | BT76: 0 | BU76: 3 | BV76: 6 | BW76: 1 | BX76: 3 | BY76: 1 | BZ76: 2 | CA76: 3 | CB76: 12 | CC76: 4 | CD76: 2 | CE76: 7 | CF76: 14 | CG76: 2 | CH76: 4 | CI76: 11 | CJ76: 21 | CK76: 4 | CL76: 0 | CM76: 12 | CN76: 1 | CO76: 0 | CP76: 2 | CQ76: 3 | CR76: 4 | CS76: 3 | CT76: 0 | CU76: 7 | CV76: 3 | CW76: 8 | CX76: 0 | CY76: 5 | CZ76: 4 | DA76: 0 | DB76: 14
A77: C4-Flu (t1) | B77: C4-Flu (t1) Results | D77: 50004 | E77: 39543 | F77: 48431 | J77: 44 | K77: 166 | L77: 107 | P77: 99 | Q77: 179 | R77: 162 | V77: 5112 | W77: 10823 | Y77: 163 | Z77: 14 | AB77: 42 | AC77: 16 | AE77: 109 | AF77: 300 | AJ77: 109 | AK77: 300 | AO77: 275 | AP77: 385 | AT77: 29013 | AU77: 19653 | BD77: 483 | BE77: 481 | BF77: 509 | BG77: 294 | BH77: 447 | BI77: 262 | BJ77: 253 | BK77: 169 | BL77: 368 | BM77: 298 | BN77: 386 | BO77: 183 | BP77: 163 | BQ77: 270 | BR77: 310 | BS77: 125 | BT77: 364 | BU77: 222 | BV77: 340 | BW77: 120 | BX77: 166 | BY77: 130 | BZ77: 160 | CA77: 72 | CB77: 148 | CC77: 316 | CD77: 149 | CE77: 276 | CF77: 270 | CG77: 353 | CH77: 239 | CI77: 240 | CJ77: 333 | CK77: 246 | CL77: 167 | CM77: 201 | CN77: 307 | CO77: 330 | CP77: 157 | CQ77: 165 | CR77: 128 | CS77: 313 | CT77: 226 | CU77: 330 | CV77: 287 | CW77: 330 | CX77: 208 | CY77: 299 | CZ77: 289 | DA77: 278 | DB77: 280
A78: C4-Flu (t2) | B78: C4-Flu (t2) Results | D78: 7669 | E78: 6105 | F78: 7998 | J78: 172 | K78: 358 | L78: 168 | P78: 200 | Q78: 310 | R78: 416 | V78: 910 | W78: 1880 | Y78: 206 | Z78: 103 | AB78: 141 | AC78: 64 | AE78: 406 | AF78: 783 | AJ78: 406 | AK78: 783 | AO78: 787 | AP78: 874 | AT78: 6012 | AU78: 3839 | BD78: 1514 | BE78: 1478 | BF78: 1108 | BG78: 894 | BH78: 1118 | BI78: 731 | BJ78: 650 | BK78: 589 | BL78: 861 | BM78: 948 | BN78: 956 | BO78: 940 | BP78: 585 | BQ78: 851 | BR78: 773 | BS78: 527 | BT78: 644 | BU78: 608 | BV78: 902 | BW78: 300 | BX78: 439 | BY78: 498 | BZ78: 285 | CA78: 308 | CB78: 507 | CC78: 593 | CD78: 498 | CE78: 770 | CF78: 749 | CG78: 683 | CH78: 694 | CI78: 505 | CJ78: 762 | CK78: 546 | CL78: 535 | CM78: 646 | CN78: 647 | CO78: 598 | CP78: 511 | CQ78: 414 | CR78: 385 | CS78: 656 | CT78: 568 | CU78: 539 | CV78: 603 | CW78: 596 | CX78: 641 | CY78: 823 | CZ78: 714 | DA78: 619 | DB78: 977
A79: C4-Flu (t3) | B79: C4-Flu (t3) Results | D79: 501 | E79: 531 | F79: 717 | J79: 109 | K79: 262 | L79: 198 | P79: 130 | Q79: 220 | R79: 235 | V79: 269 | W79: 238 | Y79: 190 | Z79: 76 | AB79: 60 | AC79: 37 | AE79: 133 | AF79: 426 | AJ79: 133 | AK79: 426 | AO79: 385 | AP79: 519 | AT79: 953 | AU79: 627 | BD79: 902 | BE79: 684 | BF79: 828 | BG79: 526 | BH79: 752 | BI79: 350 | BJ79: 486 | BK79: 309 | BL79: 540 | BM79: 537 | BN79: 745 | BO79: 532 | BP79: 324 | BQ79: 501 | BR79: 482 | BS79: 292 | BT79: 539 | BU79: 333 | BV79: 454 | BW79: 208 | BX79: 355 | BY79: 331 | BZ79: 310 | CA79: 362 | CB79: 424 | CC79: 475 | CD79: 339 | CE79: 550 | CF79: 539 | CG79: 487 | CH79: 429 | CI79: 316 | CJ79: 493 | CK79: 323 | CL79: 339 | CM79: 397 | CN79: 332 | CO79: 541 | CP79: 256 | CQ79: 225 | CR79: 212 | CS79: 442 | CT79: 385 | CU79: 495 | CV79: 417 | CW79: 485 | CX79: 506 | CY79: 558 | CZ79: 571 | DA79: 552 | DB79: 552
A80: C4-Flu total (9-ButFlu) | B80: C4-Flu total (9-ButFlu) Results | D80: 58174 | E80: 46178 | F80: 57147 | J80: 325 | K80: 787 | L80: 473 | P80: 429 | Q80: 709 | R80: 813 | V80: 6291 | W80: 12941 | Y80: 559 | Z80: 194 | AB80: 242 | AC80: 118 | AE80: 648 | AF80: 1509 | AJ80: 648 | AK80: 1509 | AO80: 1447 | AP80: 1777 | AT80: 35978 | AU80: 24120 | BD80: 2899 | BE80: 2643 | BF80: 2444 | BG80: 1715 | BH80: 2317 | BI80: 1343 | BJ80: 1390 | BK80: 1067 | BL80: 1769 | BM80: 1784 | BN80: 2086 | BO80: 1654 | BP80: 1072 | BQ80: 1621 | BR80: 1565 | BS80: 945 | BT80: 1547 | BU80: 1163 | BV80: 1695 | BW80: 627 | BX80: 959 | BY80: 959 | BZ80: 756 | CA80: 742 | CB80: 1080 | CC80: 1384 | CD80: 986 | CE80: 1596 | CF80: 1558 | CG80: 1524 | CH80: 1362 | CI80: 1062 | CJ80: 1588 | CK80: 1116 | CL80: 1041 | CM80: 1243 | CN80: 1286 | CO80: 1469 | CP80: 924 | CQ80: 804 | CR80: 726 | CS80: 1411 | CT80: 1179 | CU80: 1364 | CV80: 1307 | CW80: 1412 | CX80: 1354 | CY80: 1680 | CZ80: 1573 | DA80: 1449 | DB80: 1809
A81: 9-ButFlu (C4-Flu) | B81: 9-ButFlu (C4-Flu) Results | D81: 49773 | E81: 39377 | F81: 47329 | J81: 15 | K81: 0 | L81: 0 | P81: 4 | Q81: 0 | R81: 0 | V81: 4945 | W81: 10739 | Y81: 2 | Z81: 7 | AB81: 23 | AC81: 1 | AE81: 3 | AF81: 31 | AJ81: 3 | AK81: 31 | AO81: 3 | AP81: 17 | AT81: 28247 | AU81: 19049 | BD81: 25 | BE81: 11 | BF81: 21 | BG81: 20 | BH81: 16 | BI81: 52 | BJ81: 9 | BL81: 29 | BM81: 7 | BN81: 38 | BO81: 28 | BP81: 3 | BQ81: 35 | BR81: 17 | BS81: 27 | BT81: 45 | BU81: 84 | BV81: 19 | BW81: 10 | BX81: 5 | BY81: 8 | BZ81: 47 | CA81: 20 | CB81: 36 | CC81: 117 | CD81: 3 | CE81: 13 | CF81: 30 | CG81: 13 | CH81: 10 | CI81: 9 | CJ81: 13 | CK81: 25 | CL81: 8 | CM81: 10 | CN81: 32 | CO81: 28 | CP81: 11 | CQ81: 23 | CR81: 11 | CS81: 22 | CT81: 10 | CU81: 15 | CV81: 4 | CW81: 22 | CX81: 44 | CY81: 22 | CZ81: 5 | DA81: 58 | DB81: 23
A82: C1-DBT (2-MeDBT) | B82: C1-DBT (2-MeDBT) Results | D82: 74498 | E82: 42460 | F82: 61193 | J82: 219 | K82: 315 | L82: 69 | P82: 80 | Q82: 158 | R82: 162 | V82: 7458 | W82: 14077 | Y82: 78 | Z82: 1274 | AB82: 125 | AC82: 57 | AE82: 173 | AF82: 174 | AJ82: 173 | AK82: 174 | AO82: 194 | AP82: 269 | AT82: 44531 | AU82: 22120 | BD82: 248 | BE82: 240 | BF82: 322 | BG82: 280 | BH82: 290 | BI82: 323 | BJ82: 275 | BK82: 96 | BL82: 514 | BM82: 452 | BN82: 788 | BO82: 1119 | BP82: 524 | BQ82: 756 | BR82: 506 | BS82: 366 | BT82: 369 | BU82: 317 | BV82: 496 | BW82: 442 | BX82: 516 | BY82: 369 | BZ82: 372 | CA82: 552 | CB82: 550 | CC82: 628 | CD82: 519 | CE82: 679 | CF82: 249 | CG82: 332 | CH82: 304 | CI82: 285 | CJ82: 307 | CK82: 281 | CL82: 187 | CM82: 224 | CN82: 275 | CO82: 239 | CP82: 576 | CQ82: 787 | CR82: 570 | CS82: 425 | CT82: 346 | CU82: 439 | CV82: 418 | CW82: 389 | CX82: 783 | CY82: 818 | CZ82: 628 | DA82: 522 | DB82: 668
A83: 2-MeDBT (C1-DBT) | B83: 2-MeDBT (C1-DBT) Results | D83: 73642 | E83: 42158 | F83: 60714 | J83: 0 | K83: 189 | L83: 0 | P83: 0 | Q83: 59 | R83: 0 | V83: 7403 | W83: 13919 | Y83: 0 | Z83: 0 | AB83: 0 | AC83: 0 | AE83: 116 | AF83: 46 | AJ83: 116 | AK83: 46 | AO83: 62 | AP83: 54 | AT83: 43947 | AU83: 21928 | BD83: 97 | BE83: 111 | BF83: 130 | BG83: 92 | BH83: 96 | BI83: 197 | BJ83: 31 | BK83: 14 | BL83: 290 | BM83: 176 | BN83: 515 | BO83: 673 | BP83: 328 | BQ83: 449 | BR83: 284 | BS83: 191 | BT83: 169 | BU83: 181 | BV83: 244 | BW83: 278 | BX83: 241 | BY83: 179 | BZ83: 230 | CA83: 334 | CB83: 245 | CC83: 325 | CD83: 247 | CE83: 383 | CF83: 94 | CG83: 154 | CH83: 114 | CI83: 131 | CJ83: 146 | CK83: 119 | CL83: 49 | CM83: 9 | CN83: 75 | CO83: 38 | CP83: 351 | CQ83: 456 | CR83: 402 | CS83: 173 | CT83: 110 | CU83: 192 | CV83: 96 | CW83: 169 | CX83: 512 | CY83: 393 | CZ83: 341 | DA83: 215 | DB83: 322
A84: 3-MeDBT (N/A) | B84: 3-MeDBT (N/A) Results | D84: 73642 | E84: 42158 | F84: 60730 | J84: 55 | K84: 189 | L84: 21 | P84: 11 | Q84: 59 | V84: 7403 | W84: 13919 | Y84: 5 | Z84: 455 | AB84: 35 | AC84: 13 | AE84: 46 | AF84: 33 | AJ84: 46 | AK84: 33 | AO84: 62 | AP84: 49 | AT84: 43947 | AU84: 21928 | BD84: 43 | BE84: 111 | BF84: 65 | BG84: 39 | BH84: 70 | BI84: 26 | BJ84: 29 | BK84: 14 | BL84: 183 | BM84: 163 | BN84: 152 | BO84: 337 | BP84: 110 | BQ84: 194 | BR84: 132 | BS84: 191 | BT84: 98 | BU84: 18 | BV84: 110 | BW84: 123 | BX84: 154 | BY84: 127 | BZ84: 46 | CA84: 130 | CB84: 135 | CC84: 325 | CD84: 247 | CE84: 383 | CF84: 9 | CG84: 154 | CH84: 114 | CI84: 37 | CJ84: 146 | CK84: 119 | CL84: 49 | CM84: 9 | CN84: 75 | CO84: 38 | CP84: 351 | CQ84: 456 | CR84: 402 | CS84: 173 | CT84: 110 | CU84: 192 | CV84: 96 | CW84: 169 | CX84: 512 | CY84: 393 | CZ84: 341 | DA84: 215 | DB84: 322
A85: 3-MeBfQui | B85: 3-MeBfQui Results | D85: 0 | E85: 0 | F85: 0 | J85: 24834 | K85: 32078 | L85: 703 | P85: 0 | Q85: 0 | R85: 0 | V85: 0 | W85: 0 | Y85: 65 | Z85: 184580 | AB85: 0 | AC85: 0 | AE85: 30 | AF85: 13 | AJ85: 30 | AK85: 13 | AO85: 18 | AP85: 16 | AT85: 10362 | AU85: 7106 | BD85: 27 | BE85: 30 | BF85: 0 | BG85: 0 | BH85: 21 | BI85: 9 | BJ85: 9 | BK85: 0 | BL85: 50 | BM85: 26 | BN85: 14 | BO85: 18 | BP85: 10 | BQ85: 30 | BR85: 21 | BS85: 20 | BT85: 21 | BU85: 16 | BV85: 84 | BW85: 52 | BX85: 92 | BY85: 39 | BZ85: 5 | CA85: 14 | CB85: 25 | CC85: 23 | CD85: 49 | CE85: 0 | CF85: 6 | CG85: 13 | CH85: 24 | CI85: 50 | CJ85: 45 | CK85: 10 | CL85: 12 | CM85: 0 | CN85: 27 | CO85: 21 | CP85: 18 | CQ85: 0 | CR85: 30 | CS85: 0 | CT85: 0 | CU85: 0 | CV85: 51 | CW85: 1 | CX85: 50 | CY85: 29 | CZ85: 14 | DA85: 10 | DB85: 14
A86: 3-MePhe | B86: 3-MePhe Results | D86: 66396 | E86: 47139 | F86: 63618 | J86: 0 | K86: 0 | L86: 0 | P86: 0 | Q86: 0 | R86: 0 | V86: 6561 | W86: 13599 | Y86: 0 | Z86: 0 | AB86: 0 | AC86: 0 | AE86: 96 | AF86: 129 | AJ86: 96 | AK86: 129 | AO86: 134 | AP86: 100 | AT86: 58407 | AU86: 25322 | BD86: 131 | BE86: 181 | BF86: 237 | BG86: 228 | BH86: 147 | BI86: 54 | BJ86: 54 | BK86: 134 | BL86: 916 | BM86: 519 | BN86: 1363 | BO86: 2517 | BP86: 723 | BQ86: 1248 | BR86: 857 | BS86: 767 | BT86: 689 | BU86: 500 | BV86: 527 | BW86: 893 | BX86: 935 | BY86: 770 | BZ86: 434 | CA86: 897 | CB86: 1053 | CC86: 1080 | CD86: 937 | CE86: 1253 | CF86: 255 | CG86: 688 | CH86: 478 | CI86: 252 | CJ86: 437 | CK86: 309 | CL86: 159 | CM86: 196 | CN86: 243 | CO86: 233 | CP86: 803 | CQ86: 1298 | CR86: 867 | CS86: 541 | CT86: 532 | CU86: 512 | CV86: 534 | CW86: 556 | CX86: 1817 | CY86: 1468 | CZ86: 1021 | DA86: 678 | DB86: 1082
A87: C1-Phe / C1-Ant (2-MePhe) | B87: 2-MePhe Results | D87: 69503 | E87: 48322 | F87: 72079 | J87: 0 | K87: 0 | L87: 0 | P87: 0 | Q87: 0 | R87: 0 | V87: 6064 | W87: 13970 | Y87: 0 | Z87: 0 | AB87: 0 | AC87: 0 | AE87: 249 | AF87: 495 | AJ87: 249 | AK87: 495 | AO87: 400 | AP87: 360 | AT87: 55960 | AU87: 24314 | BD87: 437 | BE87: 580 | BF87: 506 | BG87: 483 | BH87: 479 | BI87: 125 | BJ87: 235 | BK87: 247 | BL87: 1333 | BM87: 854 | BN87: 1800 | BO87: 3449 | BP87: 1235 | BQ87: 1591 | BR87: 1235 | BS87: 992 | BT87: 1033 | BU87: 650 | BV87: 864 | BW87: 1153 | BX87: 1285 | BY87: 1049 | BZ87: 792 | CA87: 1119 | CB87: 1286 | CC87: 1730 | CD87: 1258 | CE87: 1996 | CF87: 657 | CG87: 1205 | CH87: 933 | CI87: 603 | CJ87: 757 | CK87: 477 | CL87: 368 | CM87: 362 | CN87: 591 | CO87: 292 | CP87: 1572 | CQ87: 2333 | CR87: 1278 | CS87: 836 | CT87: 866 | CU87: 1002 | CV87: 802 | CW87: 969 | CX87: 2571 | CY87: 2301 | CZ87: 1552 | DA87: 1404 | DB87: 1705
A88: 2-MePhe (C1-Phe / C1-Ant )
A89: 2-Br-Flu
A90: 2-MeAcr | B90: 2-MeAcr Results | D90: 0 | E90: 0 | F90: 0 | J90: 47494 | K90: 65952 | L90: 1303 | P90: 0 | Q90: 0 | R90: 0 | V90: 0 | W90: 0 | Y90: 59 | Z90: 414983 | AB90: 0 | AC90: 0 | AE90: 141 | AF90: 71 | AJ90: 141 | AK90: 71 | AO90: 105 | AP90: 118 | AT90: 41562 | AU90: 24923 | BD90: 220 | BE90: 184 | BF90: 47 | BG90: 44 | BH90: 102 | BI90: 64 | BJ90: 19 | BK90: 45 | BL90: 575 | BM90: 260 | BN90: 605 | BO90: 1244 | BP90: 606 | BQ90: 538 | BR90: 451 | BS90: 344 | BT90: 350 | BU90: 283 | BV90: 350 | BW90: 519 | BX90: 529 | BY90: 370 | BZ90: 253 | CA90: 339 | CB90: 420 | CC90: 513 | CD90: 470 | CE90: 600 | CF90: 228 | CG90: 356 | CH90: 290 | CI90: 36 | CJ90: 375 | CK90: 173 | CL90: 143 | CM90: 77 | CN90: 91 | CO90: 45 | CP90: 497 | CQ90: 837 | CR90: 557 | CS90: 330 | CT90: 247 | CU90: 358 | CV90: 231 | CW90: 289 | CX90: 955 | CY90: 867 | CZ90: 635 | DA90: 477 | DB90: 428
A91: 9/4-MePhe | B91: 9/4-MePhe Results | D91: 78485 | E91: 49080 | F91: 74306 | J91: 0 | K91: 0 | L91: 0 | P91: 0 | Q91: 0 | R91: 0 | V91: 6563 | W91: 14880 | Y91: 0 | Z91: 0 | AB91: 0 | AC91: 0 | AE91: 103 | AF91: 110 | AJ91: 103 | AK91: 110 | AO91: 121 | AP91: 76 | AT91: 59814 | AU91: 28240 | BD91: 909 | BE91: 411 | BF91: 209 | BG91: 193 | BH91: 87 | BI91: 112 | BJ91: 121 | BK91: 31 | BL91: 1492 | BM91: 746 | BN91: 1640 | BO91: 3779 | BP91: 1136 | BQ91: 1716 | BR91: 1286 | BS91: 1008 | BT91: 943 | BU91: 702 | BV91: 751 | BW91: 966 | BX91: 1049 | BY91: 1126 | BZ91: 535 | CA91: 1209 | CB91: 1071 | CC91: 1342 | CD91: 1129 | CE91: 2152 | CF91: 538 | CG91: 1344 | CH91: 1168 | CI91: 319 | CJ91: 726 | CK91: 328 | CL91: 253 | CM91: 269 | CN91: 345 | CO91: 169 | CP91: 1580 | CQ91: 2301 | CR91: 1466 | CS91: 762 | CT91: 748 | CU91: 692 | CV91: 680 | CW91: 866 | CX91: 2916 | CY91: 2250 | CZ91: 1524 | DA91: 1263 | DB91: 1615
A92: 1-MePhe | B92: 1-MePhe Results | D92: 72875 | E92: 48355 | F92: 62973 | J92: 0 | K92: 0 | L92: 0 | P92: 0 | Q92: 0 | R92: 0 | V92: 6555 | W92: 12373 | Y92: 0 | Z92: 0 | AB92: 0 | AC92: 0 | AE92: 132 | AF92: 91 | AJ92: 132 | AK92: 91 | AO92: 165 | AP92: 38 | AT92: 57826 | AU92: 26659 | BD92: 247 | BE92: 276 | BF92: 206 | BG92: 123 | BH92: 70 | BI92: 49 | BJ92: 87 | BK92: 71 | BL92: 1117 | BM92: 568 | BN92: 1257 | BO92: 3315 | BP92: 1077 | BQ92: 1553 | BR92: 1207 | BS92: 774 | BT92: 835 | BU92: 840 | BV92: 697 | BW92: 1189 | BX92: 1149 | BY92: 978 | BZ92: 662 | CA92: 1133 | CB92: 839 | CC92: 1284 | CD92: 1393 | CE92: 1748 | CF92: 459 | CG92: 966 | CH92: 753 | CI92: 357 | CJ92: 534 | CK92: 429 | CL92: 246 | CM92: 236 | CN92: 248 | CO92: 148 | CP92: 1347 | CQ92: 2137 | CR92: 1312 | CS92: 830 | CT92: 801 | CU92: 856 | CV92: 625 | CW92: 638 | CX92: 2470 | CY92: 2421 | CZ92: 1385 | DA92: 1201 | DB92: 1501
A93: 9-Cl-Acr | B93: 9-Cl-Acr Results | E93: 0 | F93: 0 | J93: 21951 | K93: 26973 | L93: 442 | P93: 0 | Q93: 0 | R93: 0 | V93: 0 | W93: 0 | Y93: 7 | Z93: 175080 | AB93: 0 | AC93: 0 | AE93: 9 | AF93: 9 | AJ93: 9 | AK93: 9 | AO93: 3 | AP93: 8 | AT93: 7893 | AU93: 4415 | BD93: 13 | BE93: 19 | BF93: 5 | BG93: 9 | BH93: 6 | BI93: 10 | BJ93: 2 | BK93: 4 | BL93: 6 | BM93: 5 | BN93: 4 | BO93: 3 | BP93: 5 | BQ93: 10 | BR93: 8 | BS93: 2 | BT93: 7 | BU93: 4 | BV93: 6 | BW93: 21 | BX93: 0 | BY93: 0 | BZ93: 3 | CA93: 8 | CB93: 6 | CC93: 3 | CD93: 3 | CE93: 11 | CF93: 4 | CG93: 3 | CH93: 4 | CI93: 7 | CJ93: 0 | CK93: 12 | CL93: 0 | CM93: 0 | CN93: 0 | CO93: 7 | CP93: 4 | CQ93: 7 | CR93: 3 | CS93: 6 | CT93: 5 | CU93: 6 | CV93: 1 | CW93: 4 | CX93: 0 | CY93: 0 | CZ93: 11 | DA93: 6 | DB93: 15
A94: 3,6-DiMePhe | B94: 3,6-DiMePhe Results | D94: 36311 | E94: 29055 | F94: 37823 | J94: 0 | K94: 0 | L94: 0 | P94: 0 | Q94: 0 | R94: 0 | V94: 3304 | W94: 7067 | Y94: 0 | Z94: 0 | AB94: 0 | AC94: 0 | AE94: 28 | AF94: 58 | AJ94: 28 | AK94: 58 | AO94: 73 | AP94: 36 | AT94: 23715 | AU94: 18645 | BD94: 104 | BE94: 90 | BF94: 11 | BG94: 56 | BH94: 13 | BI94: 0 | BJ94: 39 | BK94: 77 | BL94: 153 | BM94: 128 | BN94: 355 | BO94: 476 | BP94: 376 | BQ94: 598 | BR94: 341 | BS94: 195 | BT94: 309 | BU94: 81 | BV94: 143 | BW94: 208 | BX94: 293 | BY94: 129 | BZ94: 172 | CA94: 198 | CB94: 183 | CC94: 358 | CD94: 251 | CE94: 464 | CF94: 209 | CG94: 497 | CH94: 458 | CI94: 109 | CJ94: 344 | CK94: 61 | CL94: 42 | CM94: 133 | CN94: 104 | CO94: 118 | CP94: 416 | CQ94: 296 | CR94: 252 | CS94: 390 | CT94: 158 | CU94: 213 | CV94: 153 | CW94: 133 | CX94: 386 | CY94: 422 | CZ94: 400 | DA94: 324 | DB94: 655
A95: 1-Cl-Ant | B95: 1-Cl-Ant Results | D95: 0 | E95: 0 | F95: 0 | J95: 0 | K95: 0 | L95: 0 | P95: 176307 | Q95: 200643 | R95: 242193 | V95: 0 | W95: 0 | Y95: 0 | Z95: 0 | AB95: 4576 | AC95: 979 | AE95: 1 | AF95: 9 | AJ95: 1 | AK95: 9 | AO95: 2 | AP95: 6 | AT95: 34449 | AU95: 24589 | BD95: 26 | BE95: 26 | BF95: 18 | BG95: 0 | BH95: 5 | BI95: 4 | BJ95: 11 | BK95: 8 | BL95: 5 | BM95: 7 | BN95: 6 | BO95: 0 | BP95: 0 | BQ95: 18 | BR95: 2 | BS95: 0 | BT95: 5 | BU95: 6 | BV95: 4 | BW95: 0 | BX95: 0 | BY95: 0 | BZ95: 2 | CA95: 2 | CB95: 0 | CC95: 2 | CD95: 3 | CE95: 5 | CF95: 28 | CG95: 6 | CH95: 11 | CI95: 8 | CJ95: 14 | CK95: 14 | CL95: 1 | CM95: 2 | CN95: 7 | CO95: 5 | CP95: 0 | CQ95: 0 | CR95: 4 | CS95: 0 | CT95: 3 | CU95: 12 | CV95: 5 | CW95: 12 | CX95: 3 | CY95: 8 | CZ95: 0 | DA95: 2 | DB95: 4
A96: 2,6-DiMePhe | B96: 2,6-DiMePhe Results | D96: 42808 | E96: 28172 | F96: 36571 | J96: 0 | K96: 0 | L96: 0 | P96: 0 | Q96: 0 | R96: 0 | V96: 3847 | W96: 8662 | Y96: 0 | Z96: 0 | AB96: 0 | AC96: 0 | AE96: 13 | AF96: 13 | AJ96: 13 | AK96: 13 | AO96: 100 | AP96: 26 | AT96: 25447 | AU96: 14820 | BD96: 117 | BE96: 104 | BF96: 27 | BG96: 46 | BH96: 25 | BI96: 41 | BJ96: 133 | BK96: 83 | BL96: 320 | BM96: 238 | BN96: 454 | BO96: 500 | BP96: 193 | BQ96: 236 | BR96: 265 | BS96: 255 | BT96: 203 | BU96: 59 | BV96: 134 | BW96: 99 | BX96: 214 | BY96: 83 | BZ96: 70 | CA96: 226 | CB96: 190 | CC96: 338 | CD96: 56 | CE96: 423 | CF96: 49 | CG96: 507 | CH96: 179 | CI96: 126 | CJ96: 452 | CK96: 26 | CL96: 19 | CM96: 57 | CN96: 0 | CO96: 45 | CP96: 340 | CQ96: 246 | CR96: 238 | CS96: 106 | CT96: 184 | CU96: 65 | CV96: 120 | CW96: 230 | CX96: 391 | CY96: 429 | CZ96: 286 | DA96: 151 | DB96: 433
A97: 2,7-Cl2-Flu | B97: 2,7-Cl2-Flu Results | D97: 0 | E97: 0 | F97: 0 | J97: 0 | K97: 0 | L97: 0 | P97: 150922 | Q97: 154237 | R97: 190466 | V97: 0 | W97: 0 | Y97: 0 | Z97: 0 | AB97: 3738 | AC97: 869 | AE97: 2 | AF97: 6 | AJ97: 2 | AK97: 6 | AO97: 3 | AP97: 5 | AT97: 30628 | AU97: 18818 | BD97: 33 | BE97: 5 | BF97: 0 | BG97: 12 | BH97: 11 | BI97: 0 | BJ97: 7 | BK97: 0 | BL97: 0 | BM97: 0 | BN97: 0 | BO97: 5 | BP97: 0 | BQ97: 4 | BR97: 0 | BS97: 0 | BT97: 7 | BU97: 0 | BV97: 11 | BW97: 0 | BX97: 4 | BY97: 0 | BZ97: 4 | CA97: 3 | CB97: 1 | CC97: 4 | CD97: 4 | CE97: 1 | CF97: 5 | CG97: 10 | CH97: 0 | CI97: 2 | CJ97: 6 | CK97: 0 | CL97: 11 | CM97: 0 | CN97: 7 | CO97: 7 | CP97: 6 | CQ97: 5 | CR97: 3 | CS97: 3 | CT97: 0 | CU97: 0 | CV97: 14 | CW97: 9 | CX97: 0 | CY97: 4 | CZ97: 0 | DA97: 0 | DB97: 18
A98: 1,2-Br2-Acy | B98: 1,2-Br2-Acy Results
A99: C2-Phe / C2-Ant (1,3-DiMePhe) | B99: C2-Phe (1,3-DiMePhe) Results | D99: 204520 | E99: 145717 | F99: 194125 | J99: 3247 | K99: 5811 | L99: 1275 | P99: 653 | Q99: 1123 | R99: 1197 | V99: 19721 | W99: 41724 | Y99: 419 | Z99: 24977 | AB99: 737 | AC99: 408 | AE99: 971 | AF99: 1427 | AJ99: 971 | AK99: 1427 | AO99: 1308 | AP99: 1072 | AT99: 125876 | AU99: 75236 | BD99: 1519 | BE99: 2043 | BF99: 1852 | BG99: 1885 | BH99: 1368 | BI99: 1395 | BJ99: 1010 | BK99: 1187 | BL99: 4746 | BM99: 3933 | BN99: 5989 | BO99: 8377 | BP99: 4915 | BQ99: 6770 | BR99: 5315 | BS99: 3992 | BT99: 4177 | BU99: 3413 | BV99: 3061 | BW99: 3720 | BX99: 4791 | BY99: 3749 | BZ99: 2921 | CA99: 4458 | CB99: 4570 | CC99: 5638 | CD99: 4613 | CE99: 6816 | CF99: 2687 | CG99: 5948 | CH99: 4784 | CI99: 1519 | CJ99: 5056 | CK99: 1940 | CL99: 1664 | CM99: 1440 | CN99: 1542 | CO99: 1142 | CP99: 5390 | CQ99: 7084 | CR99: 4803 | CS99: 4970 | CT99: 3743 | CU99: 3265 | CV99: 3292 | CW99: 2920 | CX99: 6851 | CY99: 7242 | CZ99: 6157 | DA99: 4582 | DB99: 7439
A100: 1,3-DiMePhe (C2-Phe / C2-Ant) | B100: 1,3-DiMePhe (C2-Phe) Results | D100: 48384 | E100: 34291 | F100: 45302 | J100: 0 | K100: 0 | L100: 0 | P100: 0 | Q100: 0 | R100: 0 | V100: 4492 | W100: 9842 | Y100: 0 | Z100: 0 | AB100: 0 | AC100: 0 | AE100: 44 | AF100: 111 | AJ100: 44 | AK100: 111 | AO100: 86 | AP100: 89 | AT100: 32901 | AU100: 18081 | BD100: 145 | BE100: 184 | BF100: 90 | BG100: 238 | BH100: 89 | BI100: 133 | BJ100: 169 | BK100: 162 | BL100: 955 | BM100: 1132 | BN100: 1665 | BO100: 2421 | BP100: 1315 | BQ100: 1752 | BR100: 1346 | BS100: 999 | BT100: 946 | BU100: 688 | BV100: 732 | BW100: 1011 | BX100: 1245 | BY100: 690 | BZ100: 470 | CA100: 1205 | CB100: 1092 | CC100: 1407 | CD100: 922 | CE100: 1750 | CF100: 426 | CG100: 1456 | CH100: 1366 | CI100: 210 | CJ100: 1114 | CK100: 229 | CL100: 136 | CM100: 207 | CN100: 287 | CO100: 32 | CP100: 1217 | CQ100: 1516 | CR100: 1018 | CS100: 1046 | CT100: 779 | CU100: 572 | CV100: 592 | CW100: 505 | CX100: 1834 | CY100: 1809 | CZ100: 1357 | DA100: 964 | DB100: 1732
A101: 2,4,7-TriMeDBT (N/A) | B101: 2,4,7-TriMeDBT (N/A) Results | D101: 45151 | E101: 30299 | F101: 36524 | J101: 0 | K101: 0 | L101: 0 | P101: 0 | Q101: 0 | R101: 0 | V101: 4669 | W101: 9489 | Y101: 0 | Z101: 0 | AB101: 0 | AC101: 0 | AE101: 6 | AF101: 19 | AJ101: 6 | AK101: 19 | AO101: 71 | AP101: 0 | AT101: 32915 | AU101: 16867 | BD101: 8 | BE101: 11 | BF101: 27 | BG101: 12 | BH101: 24 | BI101: 28 | BJ101: 14 | BK101: 16 | BL101: 42 | BM101: 95 | BN101: 24 | BO101: 75 | BP101: 31 | BQ101: 37 | BR101: 69 | BS101: 4 | BT101: 106 | BU101: 41 | BV101: 4 | BW101: 5 | BX101: 26 | BY101: 15 | BZ101: 47 | CA101: 28 | CB101: 65 | CC101: 131 | CD101: 72 | CE101: 30 | CF101: 24 | CG101: 45 | CH101: 31 | CI101: 42 | CJ101: 23 | CK101: 11 | CL101: 14 | CM101: 7 | CN101: 25 | CO101: 29 | CP101: 6 | CQ101: 9 | CR101: 29 | CS101: 23 | CT101: 32 | CU101: 17 | CV101: 9 | CW101: 20 | CX101: 30 | CY101: 6 | CZ101: 95 | DA101: 82 | DB101: 37
A102: C3-DBT (t1) | B102: C3-DBT (t1) Results | D102: 296 | E102: 413 | F102: 429 | J102: 39104 | K102: 37245 | L102: 892 | P102: 131 | Q102: 240 | R102: 226 | V102: 177 | W102: 152 | Y102: 201 | Z102: 309412 | AB102: 90 | AC102: 39 | AE102: 402 | AF102: 389 | AJ102: 402 | AK102: 389 | AO102: 596 | AP102: 501 | AT102: 23216 | AU102: 11620 | BD102: 998 | BE102: 1070 | BF102: 1318 | BG102: 1351 | BH102: 1090 | BI102: 635 | BJ102: 523 | BK102: 414 | BL102: 1109 | BM102: 1027 | BN102: 1373 | BO102: 1290 | BP102: 801 | BQ102: 1092 | BR102: 865 | BS102: 791 | BT102: 816 | BU102: 648 | BV102: 706 | BW102: 657 | BX102: 755 | BY102: 803 | BZ102: 602 | CA102: 899 | CB102: 809 | CC102: 1034 | CD102: 951 | CE102: 1295 | CF102: 693 | CG102: 1067 | CH102: 987 | CI102: 505 | CJ102: 977 | CK102: 563 | CL102: 499 | CM102: 608 | CN102: 611 | CO102: 727 | CP102: 927 | CQ102: 1130 | CR102: 642 | CS102: 892 | CT102: 795 | CU102: 770 | CV102: 727 | CW102: 740 | CX102: 926 | CY102: 1267 | CZ102: 1101 | DA102: 1132 | DB102: 1562
A103: C3-DBT (t2) | B103: C3-DBT (t2) Results | D103: 47414 | E103: 31641 | F103: 37835 | J103: 216 | K103: 301 | L103: 125 | P103: 109 | Q103: 206 | R103: 139 | V103: 4970 | W103: 10116 | Y103: 169 | Z103: 658 | AB103: 107 | AC103: 68 | AE103: 105 | AF103: 198 | AJ103: 105 | AK103: 198 | AO103: 399 | AP103: 251 | AT103: 33878 | AU103: 17646 | BD103: 421 | BE103: 519 | BF103: 549 | BG103: 473 | BH103: 534 | BI103: 299 | BJ103: 429 | BK103: 199 | BL103: 268 | BM103: 323 | BN103: 323 | BO103: 260 | BP103: 267 | BQ103: 288 | BR103: 366 | BS103: 150 | BT103: 375 | BU103: 234 | BV103: 341 | BW103: 187 | BX103: 190 | BY103: 119 | BZ103: 220 | CA103: 297 | CB103: 300 | CC103: 382 | CD103: 291 | CE103: 402 | CF103: 292 | CG103: 297 | CH103: 403 | CI103: 244 | CJ103: 387 | CK103: 214 | CL103: 231 | CM103: 185 | CN103: 308 | CO103: 434 | CP103: 208 | CQ103: 203 | CR103: 134 | CS103: 385 | CT103: 286 | CU103: 343 | CV103: 332 | CW103: 326 | CX103: 240 | CY103: 421 | CZ103: 437 | DA103: 347 | DB103: 360
A104: C3-DBT total (4-PropDBT) | B104: C3-DBT total (4-PropDBT) Results | D104: 47710 | E104: 32054 | F104: 38263 | J104: 39321 | K104: 37546 | L104: 1017 | P104: 240 | Q104: 446 | R104: 364 | V104: 5147 | W104: 10268 | Y104: 370 | Z104: 310070 | AB104: 197 | AC104: 107 | AE104: 507 | AF104: 588 | AJ104: 507 | AK104: 588 | AO104: 996 | AP104: 752 | AT104: 57093 | AU104: 29266 | BD104: 1419 | BE104: 1589 | BF104: 1868 | BG104: 1824 | BH104: 1624 | BI104: 934 | BJ104: 952 | BK104: 613 | BL104: 1377 | BM104: 1350 | BN104: 1696 | BO104: 1550 | BP104: 1068 | BQ104: 1381 | BR104: 1231 | BS104: 942 | BT104: 1191 | BU104: 881 | BV104: 1047 | BW104: 844 | BX104: 945 | BY104: 921 | BZ104: 823 | CA104: 1196 | CB104: 1109 | CC104: 1416 | CD104: 1241 | CE104: 1696 | CF104: 986 | CG104: 1364 | CH104: 1391 | CI104: 750 | CJ104: 1364 | CK104: 777 | CL104: 730 | CM104: 794 | CN104: 919 | CO104: 1162 | CP104: 1135 | CQ104: 1333 | CR104: 775 | CS104: 1277 | CT104: 1081 | CU104: 1113 | CV104: 1059 | CW104: 1067 | CX104: 1166 | CY104: 1689 | CZ104: 1539 | DA104: 1479 | DB104: 1922
A105: 4-PropDBT (C3-DBT) | B105: 4-PropDBT (C3-DBT) Results | D105: 0 | E105: 0 | F105: 0 | J105: 38662 | K105: 36786 | L105: 704 | P105: 0 | Q105: 0 | R105: 0 | V105: 0 | W105: 0 | Y105: 10 | Z105: 305857 | AB105: 0 | AC105: 0 | AE105: 74 | AF105: 7 | AJ105: 74 | AK105: 7 | AO105: 38 | AP105: 18 | AT105: 22058 | AU105: 10907 | BD105: 53 | BE105: 29 | BF105: 53 | BG105: 189 | BH105: 22 | BI105: 125 | BJ105: 25 | BK105: 0 | BL105: 196 | BM105: 128 | BN105: 91 | BO105: 86 | BP105: 80 | BQ105: 232 | BR105: 62 | BS105: 98 | BT105: 61 | BU105: 33 | BV105: 64 | BW105: 93 | BX105: 94 | BY105: 130 | BZ105: 71 | CA105: 97 | CB105: 79 | CC105: 131 | CD105: 143 | CE105: 266 | CF105: 64 | CG105: 104 | CH105: 47 | CI105: 89 | CJ105: 111 | CK105: 44 | CL105: 17 | CM105: 41 | CN105: 26 | CO105: 44 | CP105: 20 | CQ105: 22 | CR105: 52 | CS105: 17 | CT105: 67 | CU105: 28 | CV105: 23 | CW105: 46 | CX105: 195 | CY105: 144 | CZ105: 40 | DA105: 22 | DB105: 67
A106: 3,6-DiMeCar
A107: 9-Br-Acr | B107: 9-Br-Acr Results | D107: 0 | E107: 0 | F107: 0 | J107: 6116 | K107: 9292 | L107: 9 | P107: 0 | Q107: 0 | R107: 0 | V107: 0 | W107: 0 | Y107: 19 | Z107: 63761 | AB107: 0 | AC107: 0 | AE107: 2 | AF107: 18 | AJ107: 2 | AK107: 18 | AO107: 3 | AP107: 4 | AT107: 1507 | AU107: 659 | BD107: 31 | BE107: 10 | BF107: 23 | BG107: 25 | BH107: 26 | BI107: 20 | BJ107: 13 | BK107: 9 | BL107: 5 | BM107: 31 | BN107: 17 | BO107: 7 | BP107: 20 | BQ107: 0 | BR107: 18 | BS107: 24 | BU107: 14 | BV107: 0 | BW107: 0 | BX107: 8 | BY107: 3 | BZ107: 94 | CA107: 15 | CB107: 0 | CC107: 0 | CD107: 0 | CE107: 19 | CF107: 23 | CG107: 36 | CH107: 15 | CI107: 10 | CJ107: 0 | CK107: 26 | CL107: 24 | CM107: 4 | CN107: 14 | CO107: 10 | CP107: 36 | CQ107: 11 | CR107: 0 | CS107: 6 | CT107: 15 | CU107: 1 | CV107: 16 | CW107: 9 | CX107: 55 | CY107: 22 | CZ107: 22 | DA107: 22 | DB107: 0
...

Sheet Raw Data-Sorted
A1: Raw GC-MSMS Data - Peak Areas - SORTED BY GROUP/RT ORDER
A3: ='Cover Page'!B3 -> Report Number | B3: ='Cover Page'!C3 -> 0
U4: QC CALI STDCHECKS - 10 and 1000 pg/uL (SINGLE PEAK PROCESSING METHOD)
C5: PAH/APAH 100 pg/uL CALI STD (SINGLE PEAK PROCESSING METHOD) | I5: HPAC 100 pg/uL CALI STD (SINGLE PEAK PROCESSING METHOD) | O5: HPAH 100 pg/uL CALI STD (SINGLE PEAK PROCESSING METHOD) | U5: PAH/APAH | X5: HPAC | AA5: HPAH | AD5: METHOD BLANKS (SINGLE PEAK PROCESSING METHOD) | AI5: METHOD BLANKS (CLUSTER PROCESSING METHOD) | AN5: CONTROL SAMPLE BLANKS (SINGLE PEAK PROCESSING METHOD) | AS5: CONTROL SAMPLE SPIKES (SINGLE PEAK PROCESSING METHOD) | AX5: CERTIFIED REFERENCE MATERIAL (CRM)(CLUSTER PROCESSING METHOD) | BC5: SAMPLES (CLUSTER PROCESSING METHOD)(150 samples maximum)
A6: Group/Peak ID | C6: 100-1 | D6: 100-2 | E6: 100-3 | F6: 100-4 | G6: 100-5 | I6: 100-1 | J6: 100-2 | K6: 100-3 | L6: 100-4 | M6: 100-5 | O6: 100-1 | P6: 100-2 | Q6: 100-3 | R6: 100-4 | S6: 100-5 | U6: 10 | V6: 1000 | X6: 10 | Y6: 1000 | AA6: 10 | AB6: 1000 | AD6: Mth Blk-1 | AE6: Mth Blk-2 | AF6: Mth Blk-3 | AG6: Mth Blk-4 | AI6: Mth Blk-1 | AJ6: Mth Blk-2 | AK6: Mth Blk-3 | AL6: Mth Blk-4 | AN6: CS Blank-1 | AO6: CS Blank-2 | AP6: CS Blank-3 | AQ6: CS Blank-4 | AS6: CS Spike-1 | AT6: CS Spike-2 | AU6: CS Spike-3 | AV6: CS Spike-4 | AX6: CRM-1 | AY6: CRM-2 | AZ6: CRM-3 | BA6: CRM-4 | BC6: S1 | BD6: S2 | BE6: S3 | BF6: S4 | BG6: S5 | BH6: S6 | BI6: S7 | BJ6: S8 | BK6: S9 | BL6: S10 | BM6: S11 | BN6: S12 | BO6: S13 | BP6: S14 | BQ6: S15 | BR6: S16 | BS6: S17 | BT6: S18 | BU6: S19 | BV6: S20 | BW6: S21 | BX6: S22 | BY6: S23 | BZ6: S24 | CA6: S25 | CB6: S26 | CC6: S27 | CD6: S28 | CE6: S29 | CF6: S30 | CG6: S31 | CH6: S32 | CI6: S33 | CJ6: S34 | CK6: S35 | CL6: S36 | CM6: S37 | CN6: S38 | CO6: S39 | CP6: S40 | CQ6: S41 | CR6: S42 | CS6: S43 | CT6: S44 | CU6: S45 | CV6: S46 | CW6: S47 | CX6: S48 | CY6: S49 | CZ6: S50 | DA6: S51 | DB6: S52 | DC6: S53 | DD6: S54 | DE6: S55 | DF6: S56 | DG6: S57 | DH6: S58 | DI6: S59 | DJ6: S60 | DK6: S61 | DL6: S62 | DM6: S63 | DN6: S64 | DO6: S65 | DP6: S66 | DQ6: S67 | DR6: S68 | DS6: S69 | DT6: S70 | DU6: S71 | DV6: S72 | DW6: S73 | DX6: S74 | DY6: S75 | DZ6: S76 | EA6: S77 | EB6: S78 | EC6: S79 | ED6: S80 | EE6: S81 | EF6: S82 | EG6: S83 | EH6: S84 | EI6: S85 | EJ6: S86 | EK6: S87 | EL6: S88 | EM6: S89 | EN6: S90 | EO6: S91 | EP6: S92 | EQ6: S93 | ER6: S94 | ES6: S95 | ET6: S96 | EU6: S97 | EV6: S98 | EW6: S99 | EX6: S100 | EY6: S101 | EZ6: S102 | FA6: S103 | FB6: S104 | FC6: S105 | FD6: S106 | FE6: S107 | FF6: S108 | FG6: S109 | FH6: S110 | FI6: S111 | FJ6: S112 | FK6: S113 | FL6: S114 | FM6: S115 | FN6: S116 | FO6: S117 | FP6: S118 | FQ6: S119 | FR6: S120 | FS6: S121 | FT6: S122 | FU6: S123 | FV6: S124 | FW6: S125 | FX6: S126 | FY6: S127 | FZ6: S128 | GA6: S129 | GB6: S130 | GC6: S131 | GD6: S132 | GE6: S133 | GF6: S134 | GG6: S135 | GH6: S136 | GI6: S137 | GJ6: S138 | GK6: S139 | GL6: S140 | GM6: S141 | GN6: S142 | GO6: S143 | GP6: S144 | GQ6: S145 | GR6: S146 | GS6: S147 | GT6: S148 | GU6: S149 | GV6: S150
A8: PAHs
A10: ='Analyte List'!B9 -> Nap | C10: ='Raw Data-Unsorted'!D9 -> 13038 | D10: ='Raw Data-Unsorted'!E9 -> 9778 | E10: ='Raw Data-Unsorted'!F9 -> 11946 | F10: ='Raw Data-Unsorted'!G9 -> 0 | G10: ='Raw Data-Unsorted'!H9 -> 0 | I10: ='Raw Data-Unsorted'!J9 -> 0 | J10: ='Raw Data-Unsorted'!K9 -> 0 | K10: ='Raw Data-Unsorted'!L9 -> 0 | L10: ='Raw Data-Unsorted'!M9 -> 0 | M10: ='Raw Data-Unsorted'!N9 -> 0 | O10: ='Raw Data-Unsorted'!P9 -> 0 | P10: ='Raw Data-Unsorted'!Q9 -> 0 | Q10: ='Raw Data-Unsorted'!R9 -> 0 | R10: ='Raw Data-Unsorted'!S9 -> 0 | S10: ='Raw Data-Unsorted'!T9 -> 0 | U10: ='Raw Data-Unsorted'!V9 -> 1278 | V10: ='Raw Data-Unsorted'!W9 -> 2933 | X10: ='Raw Data-Unsorted'!Y9 -> 0 | Y10: ='Raw Data-Unsorted'!Z9 -> 0 | AA10: ='Raw Data-Unsorted'!AB9 -> 0 | AB10: ='Raw Data-Unsorted'!AC9 -> 0 | AD10: ='Raw Data-Unsorted'!AE9 -> 1153 | AE10: ='Raw Data-Unsorted'!AF9 -> 1419 | AF10: ='Raw Data-Unsorted'!AG9 -> 0 | AG10: ='Raw Data-Unsorted'!AH9 -> 0 | AI10: ='Raw Data-Unsorted'!AJ9 -> 1153 | AJ10: ='Raw Data-Unsorted'!AK9 -> 1419 | AK10: ='Raw Data-Unsorted'!AL9 -> 0 | AL10: ='Raw Data-Unsorted'!AM9 -> 0 | AN10: ='Raw Data-Unsorted'!AO9 -> 1564 | AO10: ='Raw Data-Unsorted'!AP9 -> 1456 | AP10: ='Raw Data-Unsorted'!AQ9 -> 0 | AQ10: ='Raw Data-Unsorted'!AR9 -> 0 | AS10: ='Raw Data-Unsorted'!AT9 -> 6138 | AT10: ='Raw Data-Unsorted'!AU9 -> 5186 | AU10: ='Raw Data-Unsorted'!AV9 -> 0 | AV10: ='Raw Data-Unsorted'!AW9 -> 0 | AX10: ='Raw Data-Unsorted'!AY9 -> 0 | AY10: ='Raw Data-Unsorted'!AZ9 -> 0 | AZ10: ='Raw Data-Unsorted'!BA9 -> 0 | BA10: ='Raw Data-Unsorted'!BB9 -> 0 | BC10: ='Raw Data-Unsorted'!BD9 -> 983 | BD10: ='Raw Data-Unsorted'!BE9 -> 1382 | BE10: ='Raw Data-Unsorted'!BF9 -> 1217 | BF10: ='Raw Data-Unsorted'!BG9 -> 1797 | BG10: ='Raw Data-Unsorted'!BH9 -> 1631 | BH10: ='Raw Data-Unsorted'!BI9 -> 1035 | BI10: ='Raw Data-Unsorted'!BJ9 -> 955 | BJ10: ='Raw Data-Unsorted'!BK9 -> 1068 | ... GV10: ='Raw Data-Unsorted'!GW9 -> 0
A11: ='Analyte List'!B10 -> Acy | C11: ='Raw Data-Unsorted'!D27 -> 21667 | D11: ='Raw Data-Unsorted'!E27 -> 20123 | E11: ='Raw Data-Unsorted'!F27 -> 26832 | F11: ='Raw Data-Unsorted'!G27 -> 0 | G11: ='Raw Data-Unsorted'!H27 -> 0 | I11: ='Raw Data-Unsorted'!J27 -> 0 | J11: ='Raw Data-Unsorted'!K27 -> 97 | K11: ='Raw Data-Unsorted'!L27 -> 0 | L11: ='Raw Data-Unsorted'!M27 -> 0 | M11: ='Raw Data-Unsorted'!N27 -> 0 | O11: ='Raw Data-Unsorted'!P27 -> 0 | P11: ='Raw Data-Unsorted'!Q27 -> 93 | Q11: ='Raw Data-Unsorted'!R27 -> 0 | R11: ='Raw Data-Unsorted'!S27 -> 0 | S11: ='Raw Data-Unsorted'!T27 -> 0 | U11: ='Raw Data-Unsorted'!V27 -> 2181 | V11: ='Raw Data-Unsorted'!W27 -> 4478 | X11: ='Raw Data-Unsorted'!Y27 -> 0 | Y11: ='Raw Data-Unsorted'!Z27 -> 0 | AA11: ='Raw Data-Unsorted'!AB27 -> 0 | AB11: ='Raw Data-Unsorted'!AC27 -> 0 | AD11: ='Raw Data-Unsorted'!AE27 -> 26 | AE11: ='Raw Data-Unsorted'!AF27 -> 69 | AF11: ='Raw Data-Unsorted'!AG27 -> 0 | AG11: ='Raw Data-Unsorted'!AH27 -> 0 | AI11: ='Raw Data-Unsorted'!AJ27 -> 26 | AJ11: ='Raw Data-Unsorted'!AK27 -> 69 | AK11: ='Raw Data-Unsorted'!AL27 -> 0 | AL11: ='Raw Data-Unsorted'!AM27 -> 0 | AN11: ='Raw Data-Unsorted'!AO27 -> 83 | AO11: ='Raw Data-Unsorted'!AP27 -> 77 | AP11: ='Raw Data-Unsorted'!AQ27 -> 0 | AQ11: ='Raw Data-Unsorted'!AR27 -> 0 | AS11: ='Raw Data-Unsorted'!AT27 -> 7039 | AT11: ='Raw Data-Unsorted'!AU27 -> 7965 | AU11: ='Raw Data-Unsorted'!AV27 -> 0 | AV11: ='Raw Data-Unsorted'!AW27 -> 0 | AX11: ='Raw Data-Unsorted'!AY27 -> 0 | AY11: ='Raw Data-Unsorted'!AZ27 -> 0 | AZ11: ='Raw Data-Unsorted'!BA27 -> 0 | BA11: ='Raw Data-Unsorted'!BB27 -> 0 | BC11: ='Raw Data-Unsorted'!BD27 -> 139 | BD11: ='Raw Data-Unsorted'!BE27 -> 184 | BE11: ='Raw Data-Unsorted'!BF27 -> 86 | BF11: ='Raw Data-Unsorted'!BG27 -> 51 | BG11: ='Raw Data-Unsorted'!BH27 -> 75 | BH11: ='Raw Data-Unsorted'!BI27 -> 56 | BI11: ='Raw Data-Unsorted'!BJ27 -> 69 | BJ11: ='Raw Data-Unsorted'!BK27 -> 58 | ... GV11: ='Raw Data-Unsorted'!GW27 -> 0
A12: ='Analyte List'!B11 -> Ace | C12: ='Raw Data-Unsorted'!D30 -> 50220 | D12: ='Raw Data-Unsorted'!E30 -> 45794 | E12: ='Raw Data-Unsorted'!F30 -> 58890 | F12: ='Raw Data-Unsorted'!G30 -> 0 | G12: ='Raw Data-Unsorted'!H30 -> 0 | I12: ='Raw Data-Unsorted'!J30 -> 51 | J12: ='Raw Data-Unsorted'!K30 -> 0 | K12: ='Raw Data-Unsorted'!L30 -> 33 | L12: ='Raw Data-Unsorted'!M30 -> 0 | M12: ='Raw Data-Unsorted'!N30 -> 0 | O12: ='Raw Data-Unsorted'!P30 -> 538 | P12: ='Raw Data-Unsorted'!Q30 -> 668 | Q12: ='Raw Data-Unsorted'!R30 -> 772 | R12: ='Raw Data-Unsorted'!S30 -> 0 | S12: ='Raw Data-Unsorted'!T30 -> 0 | U12: ='Raw Data-Unsorted'!V30 -> 4990 | V12: ='Raw Data-Unsorted'!W30 -> 10546 | X12: ='Raw Data-Unsorted'!Y30 -> 30 | Y12: ='Raw Data-Unsorted'!Z30 -> 99 | AA12: ='Raw Data-Unsorted'!AB30 -> 66 | AB12: ='Raw Data-Unsorted'!AC30 -> 39 | AD12: ='Raw Data-Unsorted'!AE30 -> 389 | AE12: ='Raw Data-Unsorted'!AF30 -> 1700 | AF12: ='Raw Data-Unsorted'!AG30 -> 0 | AG12: ='Raw Data-Unsorted'!AH30 -> 0 | AI12: ='Raw Data-Unsorted'!AJ30 -> 389 | AJ12: ='Raw Data-Unsorted'!AK30 -> 1700 | AK12: ='Raw Data-Unsorted'!AL30 -> 0 | AL12: ='Raw Data-Unsorted'!AM30 -> 0 | AN12: ='Raw Data-Unsorted'!AO30 -> 555 | AO12: ='Raw Data-Unsorted'!AP30 -> 198 | AP12: ='Raw Data-Unsorted'!AQ30 -> 0 | AQ12: ='Raw Data-Unsorted'!AR30 -> 0 | AS12: ='Raw Data-Unsorted'!AT30 -> 19894 | AT12: ='Raw Data-Unsorted'!AU30 -> 18577 | AU12: ='Raw Data-Unsorted'!AV30 -> 0 | AV12: ='Raw Data-Unsorted'!AW30 -> 0 | AX12: ='Raw Data-Unsorted'!AY30 -> 0 | AY12: ='Raw Data-Unsorted'!AZ30 -> 0 | AZ12: ='Raw Data-Unsorted'!BA30 -> 0 | BA12: ='Raw Data-Unsorted'!BB30 -> 0 | BC12: ='Raw Data-Unsorted'!BD30 -> 641 | BD12: ='Raw Data-Unsorted'!BE30 -> 636 | BE12: ='Raw Data-Unsorted'!BF30 -> 248 | BF12: ='Raw Data-Unsorted'!BG30 -> 363 | BG12: ='Raw Data-Unsorted'!BH30 -> 684 | BH12: ='Raw Data-Unsorted'!BI30 -> 158 | BI12: ='Raw Data-Unsorted'!BJ30 -> 223 | BJ12: ='Raw Data-Unsorted'!BK30 -> 238 | ... GV12: ='Raw Data-Unsorted'!GW30 -> 0
A13: ='Analyte List'!B12 -> Flu | C13: ='Raw Data-Unsorted'!D41 -> 29441 | D13: ='Raw Data-Unsorted'!E41 -> 25655 | E13: ='Raw Data-Unsorted'!F41 -> 33392 | F13: ='Raw Data-Unsorted'!G41 -> 0 | G13: ='Raw Data-Unsorted'!H41 -> 0 | I13: ='Raw Data-Unsorted'!J41 -> 0 | J13: ='Raw Data-Unsorted'!K41 -> 0 | K13: ='Raw Data-Unsorted'!L41 -> 559 | L13: ='Raw Data-Unsorted'!M41 -> 0 | M13: ='Raw Data-Unsorted'!N41 -> 0 | O13: ='Raw Data-Unsorted'!P41 -> 0 | P13: ='Raw Data-Unsorted'!Q41 -> 36931 | Q13: ='Raw Data-Unsorted'!R41 -> 47970 | R13: ='Raw Data-Unsorted'!S41 -> 0 | S13: ='Raw Data-Unsorted'!T41 -> 0 | U13: ='Raw Data-Unsorted'!V41 -> 2550 | V13: ='Raw Data-Unsorted'!W41 -> 7354 | X13: ='Raw Data-Unsorted'!Y41 -> 0 | Y13: ='Raw Data-Unsorted'!Z41 -> 0 | AA13: ='Raw Data-Unsorted'!AB41 -> 0 | AB13: ='Raw Data-Unsorted'!AC41 -> 0 | AD13: ='Raw Data-Unsorted'!AE41 -> 220 | AE13: ='Raw Data-Unsorted'!AF41 -> 280 | AF13: ='Raw Data-Unsorted'!AG41 -> 0 | AG13: ='Raw Data-Unsorted'!AH41 -> 0 | AI13: ='Raw Data-Unsorted'!AJ41 -> 220 | AJ13: ='Raw Data-Unsorted'!AK41 -> 280 | AK13: ='Raw Data-Unsorted'!AL41 -> 0 | AL13: ='Raw Data-Unsorted'!AM41 -> 0 | AN13: ='Raw Data-Unsorted'!AO41 -> 195 | AO13: ='Raw Data-Unsorted'!AP41 -> 318 | AP13: ='Raw Data-Unsorted'!AQ41 -> 0 | AQ13: ='Raw Data-Unsorted'!AR41 -> 0 | AS13: ='Raw Data-Unsorted'!AT41 -> 16304 | AT13: ='Raw Data-Unsorted'!AU41 -> 11904 | AU13: ='Raw Data-Unsorted'!AV41 -> 0 | AV13: ='Raw Data-Unsorted'!AW41 -> 0 | AX13: ='Raw Data-Unsorted'!AY41 -> 0 | AY13: ='Raw Data-Unsorted'!AZ41 -> 0 | AZ13: ='Raw Data-Unsorted'!BA41 -> 0 | BA13: ='Raw Data-Unsorted'!BB41 -> 0 | BC13: ='Raw Data-Unsorted'!BD41 -> 326 | BD13: ='Raw Data-Unsorted'!BE41 -> 432 | BE13: ='Raw Data-Unsorted'!BF41 -> 322 | BF13: ='Raw Data-Unsorted'!BG41 -> 380 | BG13: ='Raw Data-Unsorted'!BH41 -> 265 | BH13: ='Raw Data-Unsorted'!BI41 -> 138 | BI13: ='Raw Data-Unsorted'!BJ41 -> 181 | BJ13: ='Raw Data-Unsorted'!BK41 -> 209 | ... GV13: ='Raw Data-Unsorted'!GW41 -> 0
A14: ='Analyte List'!B13 -> Phe | C14: ='Raw Data-Unsorted'!D64 -> 48893 | D14: ='Raw Data-Unsorted'!E64 -> 39864 | E14: ='Raw Data-Unsorted'!F64 -> 53290 | F14: ='Raw Data-Unsorted'!G64 -> 0 | G14: ='Raw Data-Unsorted'!H64 -> 0 | I14: ='Raw Data-Unsorted'!J64 -> 0 | J14: ='Raw Data-Unsorted'!K64 -> 0 | K14: ='Raw Data-Unsorted'!L64 -> 0 | L14: ='Raw Data-Unsorted'!M64 -> 0 | M14: ='Raw Data-Unsorted'!N64 -> 0 | O14: ='Raw Data-Unsorted'!P64 -> 0 | P14: ='Raw Data-Unsorted'!Q64 -> 0 | Q14: ='Raw Data-Unsorted'!R64 -> 0 | R14: ='Raw Data-Unsorted'!S64 -> 0 | S14: ='Raw Data-Unsorted'!T64 -> 0 | U14: ='Raw Data-Unsorted'!V64 -> 4589 | V14: ='Raw Data-Unsorted'!W64 -> 9766 | X14: ='Raw Data-Unsorted'!Y64 -> 0 | Y14: ='Raw Data-Unsorted'!Z64 -> 0 | AA14: ='Raw Data-Unsorted'!AB64 -> 0 | AB14: ='Raw Data-Unsorted'!AC64 -> 0 | AD14: ='Raw Data-Unsorted'!AE64 -> 509 | AE14: ='Raw Data-Unsorted'!AF64 -> 798 | AF14: ='Raw Data-Unsorted'!AG64 -> 0 | AG14: ='Raw Data-Unsorted'!AH64 -> 0 | AI14: ='Raw Data-Unsorted'!AJ64 -> 509 | AJ14: ='Raw Data-Unsorted'!AK64 -> 798 | AK14: ='Raw Data-Unsorted'!AL64 -> 0 | AL14: ='Raw Data-Unsorted'!AM64 -> 0 | AN14: ='Raw Data-Unsorted'!AO64 -> 930 | AO14: ='Raw Data-Unsorted'!AP64 -> 754 | AP14: ='Raw Data-Unsorted'!AQ64 -> 0 | AQ14: ='Raw Data-Unsorted'!AR64 -> 0 | AS14: ='Raw Data-Unsorted'!AT64 -> 30753 | AT14: ='Raw Data-Unsorted'!AU64 -> 17809 | AU14: ='Raw Data-Unsorted'!AV64 -> 0 | AV14: ='Raw Data-Unsorted'!AW64 -> 0 | AX14: ='Raw Data-Unsorted'!AY64 -> 0 | AY14: ='Raw Data-Unsorted'!AZ64 -> 0 | AZ14: ='Raw Data-Unsorted'!BA64 -> 0 | BA14: ='Raw Data-Unsorted'!BB64 -> 0 | BC14: ='Raw Data-Unsorted'!BD64 -> 874 | BD14: ='Raw Data-Unsorted'!BE64 -> 866 | BE14: ='Raw Data-Unsorted'!BF64 -> 1026 | BF14: ='Raw Data-Unsorted'!BG64 -> 1075 | BG14: ='Raw Data-Unsorted'!BH64 -> 759 | BH14: ='Raw Data-Unsorted'!BI64 -> 565 | BI14: ='Raw Data-Unsorted'!BJ64 -> 408 | BJ14: ='Raw Data-Unsorted'!BK64 -> 608 | ... GV14: ='Raw Data-Unsorted'!GW64 -> 0
A15: ='Analyte List'!B14 -> Ant | C15: ='Raw Data-Unsorted'!D67 -> 44618 | D15: ='Raw Data-Unsorted'!E67 -> 36502 | E15: ='Raw Data-Unsorted'!F67 -> 47453 | F15: ='Raw Data-Unsorted'!G67 -> 0 | G15: ='Raw Data-Unsorted'!H67 -> 0 | I15: ='Raw Data-Unsorted'!J67 -> 0 | J15: ='Raw Data-Unsorted'!K67 -> 0 | K15: ='Raw Data-Unsorted'!L67 -> 0 | L15: ='Raw Data-Unsorted'!M67 -> 0 | M15: ='Raw Data-Unsorted'!N67 -> 0 | O15: ='Raw Data-Unsorted'!P67 -> 0 | P15: ='Raw Data-Unsorted'!Q67 -> 0 | Q15: ='Raw Data-Unsorted'!R67 -> 0 | R15: ='Raw Data-Unsorted'!S67 -> 0 | S15: ='Raw Data-Unsorted'!T67 -> 0 | U15: ='Raw Data-Unsorted'!V67 -> 3711 | V15: ='Raw Data-Unsorted'!W67 -> 8055 | X15: ='Raw Data-Unsorted'!Y67 -> 0 | Y15: ='Raw Data-Unsorted'!Z67 -> 0 | AA15: ='Raw Data-Unsorted'!AB67 -> 0 | AB15: ='Raw Data-Unsorted'!AC67 -> 0 | AD15: ='Raw Data-Unsorted'!AE67 -> 420 | AE15: ='Raw Data-Unsorted'!AF67 -> 414 | AF15: ='Raw Data-Unsorted'!AG67 -> 0 | AG15: ='Raw Data-Unsorted'!AH67 -> 0 | AI15: ='Raw Data-Unsorted'!AJ67 -> 420 | AJ15: ='Raw Data-Unsorted'!AK67 -> 414 | AK15: ='Raw Data-Unsorted'!AL67 -> 0 | AL15: ='Raw Data-Unsorted'!AM67 -> 0 | AN15: ='Raw Data-Unsorted'!AO67 -> 375 | AO15: ='Raw Data-Unsorted'!AP67 -> 184 | AP15: ='Raw Data-Unsorted'!AQ67 -> 0 | AQ15: ='Raw Data-Unsorted'!AR67 -> 0 | AS15: ='Raw Data-Unsorted'!AT67 -> 28192 | AT15: ='Raw Data-Unsorted'!AU67 -> 15793 | AU15: ='Raw Data-Unsorted'!AV67 -> 0 | AV15: ='Raw Data-Unsorted'!AW67 -> 0 | AX15: ='Raw Data-Unsorted'!AY67 -> 0 | AY15: ='Raw Data-Unsorted'!AZ67 -> 0 | AZ15: ='Raw Data-Unsorted'!BA67 -> 0 | BA15: ='Raw Data-Unsorted'!BB67 -> 0 | BC15: ='Raw Data-Unsorted'!BD67 -> 0 | BD15: ='Raw Data-Unsorted'!BE67 -> 0 | BE15: ='Raw Data-Unsorted'!BF67 -> 64 | BF15: ='Raw Data-Unsorted'!BG67 -> 0 | BG15: ='Raw Data-Unsorted'!BH67 -> 0 | BH15: ='Raw Data-Unsorted'!BI67 -> 0 | BI15: ='Raw Data-Unsorted'!BJ67 -> 0 | BJ15: ='Raw Data-Unsorted'!BK67 -> 0 | ... GV15: ='Raw Data-Unsorted'!GW67 -> 0
A16: ='Analyte List'!B15 -> Flt | C16: ='Raw Data-Unsorted'!D112 -> 91970 | D16: ='Raw Data-Unsorted'!E112 -> 65511 | E16: ='Raw Data-Unsorted'!F112 -> 84320 | F16: ='Raw Data-Unsorted'!G112 -> 0 | G16: ='Raw Data-Unsorted'!H112 -> 0 | I16: ='Raw Data-Unsorted'!J112 -> 0 | J16: ='Raw Data-Unsorted'!K112 -> 0 | K16: ='Raw Data-Unsorted'!L112 -> 0 | L16: ='Raw Data-Unsorted'!M112 -> 0 | M16: ='Raw Data-Unsorted'!N112 -> 0 | O16: ='Raw Data-Unsorted'!P112 -> 0 | P16: ='Raw Data-Unsorted'!Q112 -> 0 | Q16: ='Raw Data-Unsorted'!R112 -> 0 | R16: ='Raw Data-Unsorted'!S112 -> 0 | S16: ='Raw Data-Unsorted'!T112 -> 0 | U16: ='Raw Data-Unsorted'!V112 -> 7965 | V16: ='Raw Data-Unsorted'!W112 -> 14994 | X16: ='Raw Data-Unsorted'!Y112 -> 0 | Y16: ='Raw Data-Unsorted'!Z112 -> 0 | AA16: ='Raw Data-Unsorted'!AB112 -> 0 | AB16: ='Raw Data-Unsorted'!AC112 -> 0 | AD16: ='Raw Data-Unsorted'!AE112 -> 570 | AE16: ='Raw Data-Unsorted'!AF112 -> 514 | AF16: ='Raw Data-Unsorted'!AG112 -> 0 | AG16: ='Raw Data-Unsorted'!AH112 -> 0 | AI16: ='Raw Data-Unsorted'!AJ112 -> 570 | AJ16: ='Raw Data-Unsorted'!AK112 -> 514 | AK16: ='Raw Data-Unsorted'!AL112 -> 0 | AL16: ='Raw Data-Unsorted'!AM112 -> 0 | AN16: ='Raw Data-Unsorted'!AO112 -> 565 | AO16: ='Raw Data-Unsorted'!AP112 -> 398 | AP16: ='Raw Data-Unsorted'!AQ112 -> 0 | AQ16: ='Raw Data-Unsorted'!AR112 -> 0 | AS16: ='Raw Data-Unsorted'!AT112 -> 45948 | AT16: ='Raw Data-Unsorted'!AU112 -> 28777 | AU16: ='Raw Data-Unsorted'!AV112 -> 0 | AV16: ='Raw Data-Unsorted'!AW112 -> 0 | AX16: ='Raw Data-Unsorted'!AY112 -> 0 | AY16: ='Raw Data-Unsorted'!AZ112 -> 0 | AZ16: ='Raw Data-Unsorted'!BA112 -> 0 | BA16: ='Raw Data-Unsorted'!BB112 -> 0 | BC16: ='Raw Data-Unsorted'!BD112 -> 357 | BD16: ='Raw Data-Unsorted'!BE112 -> 776 | BE16: ='Raw Data-Unsorted'!BF112 -> 711 | BF16: ='Raw Data-Unsorted'!BG112 -> 765 | BG16: ='Raw Data-Unsorted'!BH112 -> 889 | BH16: ='Raw Data-Unsorted'!BI112 -> 424 | BI16: ='Raw Data-Unsorted'!BJ112 -> 321 | BJ16: ='Raw Data-Unsorted'!BK112 -> 267 | ... GV16: ='Raw Data-Unsorted'!GW112 -> 0
A17: ='Analyte List'!B16 -> Pyr | C17: ='Raw Data-Unsorted'!D118 -> 95626 | D17: ='Raw Data-Unsorted'!E118 -> 65441 | E17: ='Raw Data-Unsorted'!F118 -> 82785 | F17: ='Raw Data-Unsorted'!G118 -> 0 | G17: ='Raw Data-Unsorted'!H118 -> 0 | I17: ='Raw Data-Unsorted'!J118 -> 0 | J17: ='Raw Data-Unsorted'!K118 -> 486 | K17: ='Raw Data-Unsorted'!L118 -> 0 | L17: ='Raw Data-Unsorted'!M118 -> 0 | M17: ='Raw Data-Unsorted'!N118 -> 0 | O17: ='Raw Data-Unsorted'!P118 -> 0 | P17: ='Raw Data-Unsorted'!Q118 -> 2531 | Q17: ='Raw Data-Unsorted'!R118 -> 0 | R17: ='Raw Data-Unsorted'!S118 -> 0 | S17: ='Raw Data-Unsorted'!T118 -> 0 | U17: ='Raw Data-Unsorted'!V118 -> 8758 | V17: ='Raw Data-Unsorted'!W118 -> 18550 | X17: ='Raw Data-Unsorted'!Y118 -> 0 | Y17: ='Raw Data-Unsorted'!Z118 -> 0 | AA17: ='Raw Data-Unsorted'!AB118 -> 0 | AB17: ='Raw Data-Unsorted'!AC118 -> 0 | AD17: ='Raw Data-Unsorted'!AE118 -> 1111 | AE17: ='Raw Data-Unsorted'!AF118 -> 460 | AF17: ='Raw Data-Unsorted'!AG118 -> 0 | AG17: ='Raw Data-Unsorted'!AH118 -> 0 | AI17: ='Raw Data-Unsorted'!AJ118 -> 1111 | AJ17: ='Raw Data-Unsorted'!AK118 -> 460 | AK17: ='Raw Data-Unsorted'!AL118 -> 0 | AL17: ='Raw Data-Unsorted'!AM118 -> 0 | AN17: ='Raw Data-Unsorted'!AO118 -> 1709 | AO17: ='Raw Data-Unsorted'!AP118 -> 381 | AP17: ='Raw Data-Unsorted'!AQ118 -> 0 | AQ17: ='Raw Data-Unsorted'!AR118 -> 0 | AS17: ='Raw Data-Unsorted'!AT118 -> 56459 | AT17: ='Raw Data-Unsorted'!AU118 -> 28365 | AU17: ='Raw Data-Unsorted'!AV118 -> 0 | AV17: ='Raw Data-Unsorted'!AW118 -> 0 | AX17: ='Raw Data-Unsorted'!AY118 -> 0 | AY17: ='Raw Data-Unsorted'!AZ118 -> 0 | AZ17: ='Raw Data-Unsorted'!BA118 -> 0 | BA17: ='Raw Data-Unsorted'!BB118 -> 0 | BC17: ='Raw Data-Unsorted'!BD118 -> 2068 | BD17: ='Raw Data-Unsorted'!BE118 -> 2631 | BE17: ='Raw Data-Unsorted'!BF118 -> 1484 | BF17: ='Raw Data-Unsorted'!BG118 -> 2104 | BG17: ='Raw Data-Unsorted'!BH118 -> 1487 | BH17: ='Raw Data-Unsorted'!BI118 -> 1397 | BI17: ='Raw Data-Unsorted'!BJ118 -> 1025 | BJ17: ='Raw Data-Unsorted'!BK118 -> 1088 | ... GV17: ='Raw Data-Unsorted'!GW118 -> 0
A18: ='Analyte List'!B17 -> BaA | C18: ='Raw Data-Unsorted'!D159 -> 75574 | D18: ='Raw Data-Unsorted'!E159 -> 58281 | E18: ='Raw Data-Unsorted'!F159 -> 75707 | F18: ='Raw Data-Unsorted'!G159 -> 0 | G18: ='Raw Data-Unsorted'!H159 -> 0 | I18: ='Raw Data-Unsorted'!J159 -> 0 | J18: ='Raw Data-Unsorted'!K159 -> 0 | K18: ='Raw Data-Unsorted'!L159 -> 0 | L18: ='Raw Data-Unsorted'!M159 -> 0 | M18: ='Raw Data-Unsorted'!N159 -> 0 | O18: ='Raw Data-Unsorted'!P159 -> 0 | P18: ='Raw Data-Unsorted'!Q159 -> 0 | Q18: ='Raw Data-Unsorted'!R159 -> 0 | R18: ='Raw Data-Unsorted'!S159 -> 0 | S18: ='Raw Data-Unsorted'!T159 -> 0 | U18: ='Raw Data-Unsorted'!V159 -> 7621 | V18: ='Raw Data-Unsorted'!W159 -> 7786 | X18: ='Raw Data-Unsorted'!Y159 -> 0 | Y18: ='Raw Data-Unsorted'!Z159 -> 0 | AA18: ='Raw Data-Unsorted'!AB159 -> 0 | AB18: ='Raw Data-Unsorted'!AC159 -> 0 | AD18: ='Raw Data-Unsorted'!AE159 -> 50 | AE18: ='Raw Data-Unsorted'!AF159 -> 13 | AF18: ='Raw Data-Unsorted'!AG159 -> 0 | AG18: ='Raw Data-Unsorted'!AH159 -> 0 | AI18: ='Raw Data-Unsorted'!AJ159 -> 50 | AJ18: ='Raw Data-Unsorted'!AK159 -> 13 | AK18: ='Raw Data-Unsorted'!AL159 -> 0 | AL18: ='Raw Data-Unsorted'!AM159 -> 0 | AN18: ='Raw Data-Unsorted'!AO159 -> 188 | AO18: ='Raw Data-Unsorted'!AP159 -> 18 | AP18: ='Raw Data-Unsorted'!AQ159 -> 0 | AQ18: ='Raw Data-Unsorted'!AR159 -> 0 | AS18: ='Raw Data-Unsorted'!AT159 -> 51429 | AT18: ='Raw Data-Unsorted'!AU159 -> 31388 | AU18: ='Raw Data-Unsorted'!AV159 -> 0 | AV18: ='Raw Data-Unsorted'!AW159 -> 0 | AX18: ='Raw Data-Unsorted'!AY159 -> 0 | AY18: ='Raw Data-Unsorted'!AZ159 -> 0 | AZ18: ='Raw Data-Unsorted'!BA159 -> 0 | BA18: ='Raw Data-Unsorted'!BB159 -> 0 | BC18: ='Raw Data-Unsorted'!BD159 -> 67 | BD18: ='Raw Data-Unsorted'!BE159 -> 86 | BE18: ='Raw Data-Unsorted'!BF159 -> 40 | BF18: ='Raw Data-Unsorted'!BG159 -> 57 | BG18: ='Raw Data-Unsorted'!BH159 -> 219 | BH18: ='Raw Data-Unsorted'!BI159 -> 143 | BI18: ='Raw Data-Unsorted'!BJ159 -> 24 | BJ18: ='Raw Data-Unsorted'!BK159 -> 6 | ... GV18: ='Raw Data-Unsorted'!GW159 -> 0
A19: ='Analyte List'!B18 -> Chr | C19: ='Raw Data-Unsorted'!D163 -> 87181 | D19: ='Raw Data-Unsorted'!E163 -> 63119 | E19: ='Raw Data-Unsorted'!F163 -> 78586 | F19: ='Raw Data-Unsorted'!G163 -> 0 | G19: ='Raw Data-Unsorted'!H163 -> 0 | I19: ='Raw Data-Unsorted'!J163 -> 0 | J19: ='Raw Data-Unsorted'!K163 -> 0 | K19: ='Raw Data-Unsorted'!L163 -> 0 | L19: ='Raw Data-Unsorted'!M163 -> 0 | M19: ='Raw Data-Unsorted'!N163 -> 0 | O19: ='Raw Data-Unsorted'!P163 -> 0 | P19: ='Raw Data-Unsorted'!Q163 -> 0 | Q19: ='Raw Data-Unsorted'!R163 -> 0 | R19: ='Raw Data-Unsorted'!S163 -> 0 | S19: ='Raw Data-Unsorted'!T163 -> 0 | U19: ='Raw Data-Unsorted'!V163 -> 8167 | V19: ='Raw Data-Unsorted'!W163 -> 7549 | X19: ='Raw Data-Unsorted'!Y163 -> 0 | Y19: ='Raw Data-Unsorted'!Z163 -> 0 | AA19: ='Raw Data-Unsorted'!AB163 -> 0 | AB19: ='Raw Data-Unsorted'!AC163 -> 0 | AD19: ='Raw Data-Unsorted'!AE163 -> 127 | AE19: ='Raw Data-Unsorted'!AF163 -> 121 | AF19: ='Raw Data-Unsorted'!AG163 -> 0 | AG19: ='Raw Data-Unsorted'!AH163 -> 0 | AI19: ='Raw Data-Unsorted'!AJ163 -> 127 | AJ19: ='Raw Data-Unsorted'!AK163 -> 121 | AK19: ='Raw Data-Unsorted'!AL163 -> 0 | AL19: ='Raw Data-Unsorted'!AM163 -> 0 | AN19: ='Raw Data-Unsorted'!AO163 -> 351 | AO19: ='Raw Data-Unsorted'!AP163 -> 103 | AP19: ='Raw Data-Unsorted'!AQ163 -> 0 | AQ19: ='Raw Data-Unsorted'!AR163 -> 0 | AS19: ='Raw Data-Unsorted'!AT163 -> 51786 | AT19: ='Raw Data-Unsorted'!AU163 -> 27919 | AU19: ='Raw Data-Unsorted'!AV163 -> 0 | AV19: ='Raw Data-Unsorted'!AW163 -> 0 | AX19: ='Raw Data-Unsorted'!AY163 -> 0 | AY19: ='Raw Data-Unsorted'!AZ163 -> 0 | AZ19: ='Raw Data-Unsorted'!BA163 -> 0 | BA19: ='Raw Data-Unsorted'!BB163 -> 0 | BC19: ='Raw Data-Unsorted'!BD163 -> 198 | BD19: ='Raw Data-Unsorted'!BE163 -> 223 | BE19: ='Raw Data-Unsorted'!BF163 -> 244 | BF19: ='Raw Data-Unsorted'!BG163 -> 328 | BG19: ='Raw Data-Unsorted'!BH163 -> 167 | BH19: ='Raw Data-Unsorted'!BI163 -> 241 | BI19: ='Raw Data-Unsorted'!BJ163 -> 151 | BJ19: ='Raw Data-Unsorted'!BK163 -> 156 | ... GV19: ='Raw Data-Unsorted'!GW163 -> 0
A20: ='Analyte List'!B19 -> BbF | C20: ='Raw Data-Unsorted'!D184 -> 65661 | D20: ='Raw Data-Unsorted'!E184 -> 49140 | E20: ='Raw Data-Unsorted'!F184 -> 54725 | F20: ='Raw Data-Unsorted'!G184 -> 0 | G20: ='Raw Data-Unsorted'!H184 -> 0 | I20: ='Raw Data-Unsorted'!J184 -> 0 | J20: ='Raw Data-Unsorted'!K184 -> 0 | K20: ='Raw Data-Unsorted'!L184 -> 0 | L20: ='Raw Data-Unsorted'!M184 -> 0 | M20: ='Raw Data-Unsorted'!N184 -> 0 | O20: ='Raw Data-Unsorted'!P184 -> 0 | P20: ='Raw Data-Unsorted'!Q184 -> 0 | Q20: ='Raw Data-Unsorted'!R184 -> 0 | R20: ='Raw Data-Unsorted'!S184 -> 0 | S20: ='Raw Data-Unsorted'!T184 -> 0 | U20: ='Raw Data-Unsorted'!V184 -> 5833 | V20: ='Raw Data-Unsorted'!W184 -> 2702 | X20: ='Raw Data-Unsorted'!Y184 -> 0 | Y20: ='Raw Data-Unsorted'!Z184 -> 0 | AA20: ='Raw Data-Unsorted'!AB184 -> 0 | AB20: ='Raw Data-Unsorted'!AC184 -> 0 | AD20: ='Raw Data-Unsorted'!AE184 -> 101 | AE20: ='Raw Data-Unsorted'!AF184 -> 69 | AF20: ='Raw Data-Unsorted'!AG184 -> 0 | AG20: ='Raw Data-Unsorted'!AH184 -> 0 | AI20: ='Raw Data-Unsorted'!AJ184 -> 101 | AJ20: ='Raw Data-Unsorted'!AK184 -> 69 | AK20: ='Raw Data-Unsorted'!AL184 -> 0 | AL20: ='Raw Data-Unsorted'!AM184 -> 0 | AN20: ='Raw Data-Unsorted'!AO184 -> 160 | AO20: ='Raw Data-Unsorted'!AP184 -> 71 | AP20: ='Raw Data-Unsorted'!AQ184 -> 0 | AQ20: ='Raw Data-Unsorted'!AR184 -> 0 | AS20: ='Raw Data-Unsorted'!AT184 -> 37259 | AT20: ='Raw Data-Unsorted'!AU184 -> 18971 | AU20: ='Raw Data-Unsorted'!AV184 -> 0 | AV20: ='Raw Data-Unsorted'!AW184 -> 0 | AX20: ='Raw Data-Unsorted'!AY184 -> 0 | AY20: ='Raw Data-Unsorted'!AZ184 -> 0 | AZ20: ='Raw Data-Unsorted'!BA184 -> 0 | BA20: ='Raw Data-Unsorted'!BB184 -> 0 | BC20: ='Raw Data-Unsorted'!BD184 -> 100 | BD20: ='Raw Data-Unsorted'!BE184 -> 158 | BE20: ='Raw Data-Unsorted'!BF184 -> 152 | BF20: ='Raw Data-Unsorted'!BG184 -> 61 | BG20: ='Raw Data-Unsorted'!BH184 -> 103 | BH20: ='Raw Data-Unsorted'!BI184 -> 18 | BI20: ='Raw Data-Unsorted'!BJ184 -> 24 | BJ20: ='Raw Data-Unsorted'!BK184 -> 83 | ... GV20: ='Raw Data-Unsorted'!GW184 -> 0
A21: ='Analyte List'!B20 -> BkF | C21: ='Raw Data-Unsorted'!D186 -> 61830 | D21: ='Raw Data-Unsorted'!E186 -> 48203 | E21: ='Raw Data-Unsorted'!F186 -> 50160 | F21: ='Raw Data-Unsorted'!G186 -> 0 | G21: ='Raw Data-Unsorted'!H186 -> 0 | I21: ='Raw Data-Unsorted'!J186 -> 0 | J21: ='Raw Data-Unsorted'!K186 -> 0 | K21: ='Raw Data-Unsorted'!L186 -> 15 | L21: ='Raw Data-Unsorted'!M186 -> 0 | M21: ='Raw Data-Unsorted'!N186 -> 0 | O21: ='Raw Data-Unsorted'!P186 -> 0 | P21: ='Raw Data-Unsorted'!Q186 -> 0 | Q21: ='Raw Data-Unsorted'!R186 -> 0 | R21: ='Raw Data-Unsorted'!S186 -> 0 | S21: ='Raw Data-Unsorted'!T186 -> 0 | U21: ='Raw Data-Unsorted'!V186 -> 5663 | V21: ='Raw Data-Unsorted'!W186 -> 2614 | X21: ='Raw Data-Unsorted'!Y186 -> 0 | Y21: ='Raw Data-Unsorted'!Z186 -> 0 | AA21: ='Raw Data-Unsorted'!AB186 -> 0 | AB21: ='Raw Data-Unsorted'!AC186 -> 0 | AD21: ='Raw Data-Unsorted'!AE186 -> 21 | AE21: ='Raw Data-Unsorted'!AF186 -> 41 | AF21: ='Raw Data-Unsorted'!AG186 -> 0 | AG21: ='Raw Data-Unsorted'!AH186 -> 0 | AI21: ='Raw Data-Unsorted'!AJ186 -> 21 | AJ21: ='Raw Data-Unsorted'!AK186 -> 41 | AK21: ='Raw Data-Unsorted'!AL186 -> 0 | AL21: ='Raw Data-Unsorted'!AM186 -> 0 | AN21: ='Raw Data-Unsorted'!AO186 -> 89 | AO21: ='Raw Data-Unsorted'!AP186 -> 34 | AP21: ='Raw Data-Unsorted'!AQ186 -> 0 | AQ21: ='Raw Data-Unsorted'!AR186 -> 0 | AS21: ='Raw Data-Unsorted'!AT186 -> 39470 | AT21: ='Raw Data-Unsorted'!AU186 -> 18529 | AU21: ='Raw Data-Unsorted'!AV186 -> 0 | AV21: ='Raw Data-Unsorted'!AW186 -> 0 | AX21: ='Raw Data-Unsorted'!AY186 -> 0 | AY21: ='Raw Data-Unsorted'!AZ186 -> 0 | AZ21: ='Raw Data-Unsorted'!BA186 -> 0 | BA21: ='Raw Data-Unsorted'!BB186 -> 0 | BC21: ='Raw Data-Unsorted'!BD186 -> 60 | BD21: ='Raw Data-Unsorted'!BE186 -> 47 | BE21: ='Raw Data-Unsorted'!BF186 -> 101 | BF21: ='Raw Data-Unsorted'!BG186 -> 19 | BG21: ='Raw Data-Unsorted'!BH186 -> 61 | BH21: ='Raw Data-Unsorted'!BI186 -> 59 | BI21: ='Raw Data-Unsorted'!BJ186 -> 21 | BJ21: ='Raw Data-Unsorted'!BK186 -> 47 | ... GV21: ='Raw Data-Unsorted'!GW186 -> 0
A22: ='Analyte List'!B21 -> BaP | C22: ='Raw Data-Unsorted'!D191 -> 41979 | D22: ='Raw Data-Unsorted'!E191 -> 42731 | E22: ='Raw Data-Unsorted'!F191 -> 48993 | F22: ='Raw Data-Unsorted'!G191 -> 0 | G22: ='Raw Data-Unsorted'!H191 -> 0 | I22: ='Raw Data-Unsorted'!J191 -> 0 | J22: ='Raw Data-Unsorted'!K191 -> 0 | K22: ='Raw Data-Unsorted'!L191 -> 0 | L22: ='Raw Data-Unsorted'!M191 -> 0 | M22: ='Raw Data-Unsorted'!N191 -> 0 | O22: ='Raw Data-Unsorted'!P191 -> 0 | P22: ='Raw Data-Unsorted'!Q191 -> 0 | Q22: ='Raw Data-Unsorted'!R191 -> 0 | R22: ='Raw Data-Unsorted'!S191 -> 0 | S22: ='Raw Data-Unsorted'!T191 -> 0 | U22: ='Raw Data-Unsorted'!V191 -> 3900 | V22: ='Raw Data-Unsorted'!W191 -> 1584 | X22: ='Raw Data-Unsorted'!Y191 -> 0 | Y22: ='Raw Data-Unsorted'!Z191 -> 0 | AA22: ='Raw Data-Unsorted'!AB191 -> 0 | AB22: ='Raw Data-Unsorted'!AC191 -> 0 | AD22: ='Raw Data-Unsorted'!AE191 -> 14 | AE22: ='Raw Data-Unsorted'!AF191 -> 16 | AF22: ='Raw Data-Unsorted'!AG191 -> 0 | AG22: ='Raw Data-Unsorted'!AH191 -> 0 | AI22: ='Raw Data-Unsorted'!AJ191 -> 14 | AJ22: ='Raw Data-Unsorted'!AK191 -> 16 | AK22: ='Raw Data-Unsorted'!AL191 -> 0 | AL22: ='Raw Data-Unsorted'!AM191 -> 0 | AN22: ='Raw Data-Unsorted'!AO191 -> 86 | AO22: ='Raw Data-Unsorted'!AP191 -> 10 | AP22: ='Raw Data-Unsorted'!AQ191 -> 0 | AQ22: ='Raw Data-Unsorted'!AR191 -> 0 | AS22: ='Raw Data-Unsorted'!AT191 -> 29057 | AT22: ='Raw Data-Unsorted'!AU191 -> 14072 | AU22: ='Raw Data-Unsorted'!AV191 -> 0 | AV22: ='Raw Data-Unsorted'!AW191 -> 0 | AX22: ='Raw Data-Unsorted'!AY191 -> 0 | AY22: ='Raw Data-Unsorted'!AZ191 -> 0 | AZ22: ='Raw Data-Unsorted'!BA191 -> 0 | BA22: ='Raw Data-Unsorted'!BB191 -> 0 | BC22: ='Raw Data-Unsorted'!BD191 -> 33 | BD22: ='Raw Data-Unsorted'!BE191 -> 57 | BE22: ='Raw Data-Unsorted'!BF191 -> 75 | BF22: ='Raw Data-Unsorted'!BG191 -> 54 | BG22: ='Raw Data-Unsorted'!BH191 -> 55 | BH22: ='Raw Data-Unsorted'!BI191 -> 17 | BI22: ='Raw Data-Unsorted'!BJ191 -> 22 | BJ22: ='Raw Data-Unsorted'!BK191 -> 17 | ... GV22: ='Raw Data-Unsorted'!GW191 -> 0
A23: ='Analyte List'!B22 -> IcdP | C23: ='Raw Data-Unsorted'!D205 -> 12912 | D23: ='Raw Data-Unsorted'!E205 -> 61057 | E23: ='Raw Data-Unsorted'!F205 -> 68524 | F23: ='Raw Data-Unsorted'!G205 -> 0 | G23: ='Raw Data-Unsorted'!H205 -> 0 | I23: ='Raw Data-Unsorted'!J205 -> 25 | J23: ='Raw Data-Unsorted'!K205 -> 373 | K23: ='Raw Data-Unsorted'!L205 -> 0 | L23: ='Raw Data-Unsorted'!M205 -> 0 | M23: ='Raw Data-Unsorted'!N205 -> 0 | O23: ='Raw Data-Unsorted'!P205 -> 27 | P23: ='Raw Data-Unsorted'!Q205 -> 25 | Q23: ='Raw Data-Unsorted'!R205 -> 0 | R23: ='Raw Data-Unsorted'!S205 -> 0 | S23: ='Raw Data-Unsorted'!T205 -> 0 | U23: ='Raw Data-Unsorted'!V205 -> 736 | V23: ='Raw Data-Unsorted'!W205 -> 188 | X23: ='Raw Data-Unsorted'!Y205 -> 7 | Y23: ='Raw Data-Unsorted'!Z205 -> 30 | AA23: ='Raw Data-Unsorted'!AB205 -> 19 | AB23: ='Raw Data-Unsorted'!AC205 -> 4 | AD23: ='Raw Data-Unsorted'!AE205 -> 20 | AE23: ='Raw Data-Unsorted'!AF205 -> 45 | AF23: ='Raw Data-Unsorted'!AG205 -> 0 | AG23: ='Raw Data-Unsorted'!AH205 -> 0 | AI23: ='Raw Data-Unsorted'!AJ205 -> 20 | AJ23: ='Raw Data-Unsorted'!AK205 -> 45 | AK23: ='Raw Data-Unsorted'!AL205 -> 0 | AL23: ='Raw Data-Unsorted'!AM205 -> 0 | AN23: ='Raw Data-Unsorted'!AO205 -> 66602 | AO23: ='Raw Data-Unsorted'!AP205 -> 215758 | AP23: ='Raw Data-Unsorted'!AQ205 -> 0 | AQ23: ='Raw Data-Unsorted'!AR205 -> 0 | AS23: ='Raw Data-Unsorted'!AT205 -> 55906 | AT23: ='Raw Data-Unsorted'!AU205 -> 27947 | AU23: ='Raw Data-Unsorted'!AV205 -> 0 | AV23: ='Raw Data-Unsorted'!AW205 -> 0 | AX23: ='Raw Data-Unsorted'!AY205 -> 0 | AY23: ='Raw Data-Unsorted'!AZ205 -> 0 | AZ23: ='Raw Data-Unsorted'!BA205 -> 0 | BA23: ='Raw Data-Unsorted'!BB205 -> 0 | BC23: ='Raw Data-Unsorted'!BD205 -> 82307 | BD23: ='Raw Data-Unsorted'!BE205 -> 56790 | BE23: ='Raw Data-Unsorted'!BF205 -> 219564 | BF23: ='Raw Data-Unsorted'!BG205 -> 255107 | BG23: ='Raw Data-Unsorted'!BH205 -> 41165 | BH23: ='Raw Data-Unsorted'!BI205 -> 38135 | BI23: ='Raw Data-Unsorted'!BJ205 -> 75865 | BJ23: ='Raw Data-Unsorted'!BK205 -> 20177 | ... GV23: ='Raw Data-Unsorted'!GW205 -> 0
A24: ='Analyte List'!B23 -> DBahA | C24: ='Raw Data-Unsorted'!D207 -> 56743 | D24: ='Raw Data-Unsorted'!E207 -> 52156 | E24: ='Raw Data-Unsorted'!F207 -> 59264 | F24: ='Raw Data-Unsorted'!G207 -> 0 | G24: ='Raw Data-Unsorted'!H207 -> 0 | I24: ='Raw Data-Unsorted'!J207 -> 0 | J24: ='Raw Data-Unsorted'!K207 -> 0 | K24: ='Raw Data-Unsorted'!L207 -> 0 | L24: ='Raw Data-Unsorted'!M207 -> 0 | M24: ='Raw Data-Unsorted'!N207 -> 0 | O24: ='Raw Data-Unsorted'!P207 -> 0 | P24: ='Raw Data-Unsorted'!Q207 -> 0 | Q24: ='Raw Data-Unsorted'!R207 -> 0 | R24: ='Raw Data-Unsorted'!S207 -> 0 | S24: ='Raw Data-Unsorted'!T207 -> 0 | U24: ='Raw Data-Unsorted'!V207 -> 4749 | V24: ='Raw Data-Unsorted'!W207 -> 573 | X24: ='Raw Data-Unsorted'!Y207 -> 0 | Y24: ='Raw Data-Unsorted'!Z207 -> 0 | AA24: ='Raw Data-Unsorted'!AB207 -> 0 | AB24: ='Raw Data-Unsorted'!AC207 -> 0 | AD24: ='Raw Data-Unsorted'!AE207 -> 17 | AE24: ='Raw Data-Unsorted'!AF207 -> 64 | AF24: ='Raw Data-Unsorted'!AG207 -> 0 | AG24: ='Raw Data-Unsorted'!AH207 -> 0 | AI24: ='Raw Data-Unsorted'!AJ207 -> 17 | AJ24: ='Raw Data-Unsorted'!AK207 -> 64 | AK24: ='Raw Data-Unsorted'!AL207 -> 0 | AL24: ='Raw Data-Unsorted'!AM207 -> 0 | AN24: ='Raw Data-Unsorted'!AO207 -> 58 | AO24: ='Raw Data-Unsorted'!AP207 -> 201 | AP24: ='Raw Data-Unsorted'!AQ207 -> 0 | AQ24: ='Raw Data-Unsorted'!AR207 -> 0 | AS24: ='Raw Data-Unsorted'!AT207 -> 57694 | AT24: ='Raw Data-Unsorted'!AU207 -> 15554 | AU24: ='Raw Data-Unsorted'!AV207 -> 0 | AV24: ='Raw Data-Unsorted'!AW207 -> 0 | AX24: ='Raw Data-Unsorted'!AY207 -> 0 | AY24: ='Raw Data-Unsorted'!AZ207 -> 0 | AZ24: ='Raw Data-Unsorted'!BA207 -> 0 | BA24: ='Raw Data-Unsorted'!BB207 -> 0 | BC24: ='Raw Data-Unsorted'!BD207 -> 271 | BD24: ='Raw Data-Unsorted'!BE207 -> 63 | BE24: ='Raw Data-Unsorted'!BF207 -> 211 | BF24: ='Raw Data-Unsorted'!BG207 -> 405 | BG24: ='Raw Data-Unsorted'!BH207 -> 385 | BH24: ='Raw Data-Unsorted'!BI207 -> 359 | BI24: ='Raw Data-Unsorted'!BJ207 -> 198 | BJ24: ='Raw Data-Unsorted'!BK207 -> 129 | ... GV24: ='Raw Data-Unsorted'!GW207 -> 0
A25: ='Analyte List'!B24 -> BghiP | C25: ='Raw Data-Unsorted'!D209 -> 71555 | D25: ='Raw Data-Unsorted'!E209 -> 62828 | E25: ='Raw Data-Unsorted'!F209 -> 66502 | F25: ='Raw Data-Unsorted'!G209 -> 0 | G25: ='Raw Data-Unsorted'!H209 -> 0 | I25: ='Raw Data-Unsorted'!J209 -> 0 | J25: ='Raw Data-Unsorted'!K209 -> 0 | K25: ='Raw Data-Unsorted'!L209 -> 0 | L25: ='Raw Data-Unsorted'!M209 -> 0 | M25: ='Raw Data-Unsorted'!N209 -> 0 | O25: ='Raw Data-Unsorted'!P209 -> 0 | P25: ='Raw Data-Unsorted'!Q209 -> 0 | Q25: ='Raw Data-Unsorted'!R209 -> 0 | R25: ='Raw Data-Unsorted'!S209 -> 0 | S25: ='Raw Data-Unsorted'!T209 -> 0 | U25: ='Raw Data-Unsorted'!V209 -> 6831 | V25: ='Raw Data-Unsorted'!W209 -> 1135 | X25: ='Raw Data-Unsorted'!Y209 -> 0 | Y25: ='Raw Data-Unsorted'!Z209 -> 0 | AA25: ='Raw Data-Unsorted'!AB209 -> 0 | AB25: ='Raw Data-Unsorted'!AC209 -> 0 | AD25: ='Raw Data-Unsorted'!AE209 -> 1249 | AE25: ='Raw Data-Unsorted'!AF209 -> 965 | AF25: ='Raw Data-Unsorted'!AG209 -> 0 | AG25: ='Raw Data-Unsorted'!AH209 -> 0 | AI25: ='Raw Data-Unsorted'!AJ209 -> 1249 | AJ25: ='Raw Data-Unsorted'!AK209 -> 965 | AK25: ='Raw Data-Unsorted'!AL209 -> 0 | AL25: ='Raw Data-Unsorted'!AM209 -> 0 | AN25: ='Raw Data-Unsorted'!AO209 -> 2612 | AO25: ='Raw Data-Unsorted'!AP209 -> 1518 | AP25: ='Raw Data-Unsorted'!AQ209 -> 0 | AQ25: ='Raw Data-Unsorted'!AR209 -> 0 | AS25: ='Raw Data-Unsorted'!AT209 -> 64050 | AT25: ='Raw Data-Unsorted'!AU209 -> 18519 | AU25: ='Raw Data-Unsorted'!AV209 -> 0 | AV25: ='Raw Data-Unsorted'!AW209 -> 0 | AX25: ='Raw Data-Unsorted'!AY209 -> 0 | AY25: ='Raw Data-Unsorted'!AZ209 -> 0 | AZ25: ='Raw Data-Unsorted'!BA209 -> 0 | BA25: ='Raw Data-Unsorted'!BB209 -> 0 | BC25: ='Raw Data-Unsorted'!BD209 -> 2721 | BD25: ='Raw Data-Unsorted'!BE209 -> 3066 | BE25: ='Raw Data-Unsorted'!BF209 -> 4229 | BF25: ='Raw Data-Unsorted'!BG209 -> 3332 | BG25: ='Raw Data-Unsorted'!BH209 -> 2064 | BH25: ='Raw Data-Unsorted'!BI209 -> 844 | BI25: ='Raw Data-Unsorted'!BJ209 -> 1138 | BJ25: ='Raw Data-Unsorted'!BK209 -> 1110 | ... GV25: ='Raw Data-Unsorted'!GW209 -> 0
A27: ='Analyte List'!B26 -> APAHs
A29: ='Analyte List'!B28 -> 2-MeNap | C29: ='Raw Data-Unsorted'!D15 -> 54262 | D29: ='Raw Data-Unsorted'!E15 -> 49012 | E29: ='Raw Data-Unsorted'!F15 -> 70241 | F29: ='Raw Data-Unsorted'!G15 -> 0 | G29: ='Raw Data-Unsorted'!H15 -> 0 | I29: ='Raw Data-Unsorted'!J15 -> 2853 | J29: ='Raw Data-Unsorted'!K15 -> 3788 | K29: ='Raw Data-Unsorted'!L15 -> 0 | L29: ='Raw Data-Unsorted'!M15 -> 0 | M29: ='Raw Data-Unsorted'!N15 -> 0 | O29: ='Raw Data-Unsorted'!P15 -> 0 | P29: ='Raw Data-Unsorted'!Q15 -> 0 | Q29: ='Raw Data-Unsorted'!R15 -> 0 | R29: ='Raw Data-Unsorted'!S15 -> 0 | S29: ='Raw Data-Unsorted'!T15 -> 0 | U29: ='Raw Data-Unsorted'!V15 -> 5321 | V29: ='Raw Data-Unsorted'!W15 -> 13173 | X29: ='Raw Data-Unsorted'!Y15 -> 0 | Y29: ='Raw Data-Unsorted'!Z15 -> 20055 | AA29: ='Raw Data-Unsorted'!AB15 -> 0 | AB29: ='Raw Data-Unsorted'!AC15 -> 0 | AD29: ='Raw Data-Unsorted'!AE15 -> 1589 | AE29: ='Raw Data-Unsorted'!AF15 -> 1904 | AF29: ='Raw Data-Unsorted'!AG15 -> 0 | AG29: ='Raw Data-Unsorted'!AH15 -> 0 | AI29: ='Raw Data-Unsorted'!AJ15 -> 1589 | AJ29: ='Raw Data-Unsorted'!AK15 -> 1904 | AK29: ='Raw Data-Unsorted'!AL15 -> 0 | AL29: ='Raw Data-Unsorted'!AM15 -> 0 | AN29: ='Raw Data-Unsorted'!AO15 -> 2632 | AO29: ='Raw Data-Unsorted'!AP15 -> 1919 | AP29: ='Raw Data-Unsorted'!AQ15 -> 0 | AQ29: ='Raw Data-Unsorted'!AR15 -> 0 | AS29: ='Raw Data-Unsorted'!AT15 -> 22118 | AT29: ='Raw Data-Unsorted'!AU15 -> 22410 | AU29: ='Raw Data-Unsorted'!AV15 -> 0 | AV29: ='Raw Data-Unsorted'!AW15 -> 0 | AX29: ='Raw Data-Unsorted'!AY15 -> 0 | AY29: ='Raw Data-Unsorted'!AZ15 -> 0 | AZ29: ='Raw Data-Unsorted'!BA15 -> 0 | BA29: ='Raw Data-Unsorted'!BB15 -> 0 | BC29: ='Raw Data-Unsorted'!BD15 -> 1251 | BD29: ='Raw Data-Unsorted'!BE15 -> 1937 | BE29: ='Raw Data-Unsorted'!BF15 -> 1419 | BF29: ='Raw Data-Unsorted'!BG15 -> 2304 | BG29: ='Raw Data-Unsorted'!BH15 -> 1228 | BH29: ='Raw Data-Unsorted'!BI15 -> 1213 | BI29: ='Raw Data-Unsorted'!BJ15 -> 1076 | BJ29: ='Raw Data-Unsorted'!BK15 -> 1100 | ... GV29: ='Raw Data-Unsorted'!GW15 -> 0
A30: ='Analyte List'!B29 -> 1-MeNap | C30: ='Raw Data-Unsorted'!D18 -> 59392 | D30: ='Raw Data-Unsorted'!E18 -> 46510 | E30: ='Raw Data-Unsorted'!F18 -> 66708 | F30: ='Raw Data-Unsorted'!G18 -> 0 | G30: ='Raw Data-Unsorted'!H18 -> 0 | I30: ='Raw Data-Unsorted'!J18 -> 0 | J30: ='Raw Data-Unsorted'!K18 -> 0 | K30: ='Raw Data-Unsorted'!L18 -> 0 | L30: ='Raw Data-Unsorted'!M18 -> 0 | M30: ='Raw Data-Unsorted'!N18 -> 0 | O30: ='Raw Data-Unsorted'!P18 -> 0 | P30: ='Raw Data-Unsorted'!Q18 -> 0 | Q30: ='Raw Data-Unsorted'!R18 -> 0 | R30: ='Raw Data-Unsorted'!S18 -> 0 | S30: ='Raw Data-Unsorted'!T18 -> 0 | U30: ='Raw Data-Unsorted'!V18 -> 5386 | V30: ='Raw Data-Unsorted'!W18 -> 12965 | X30: ='Raw Data-Unsorted'!Y18 -> 0 | Y30: ='Raw Data-Unsorted'!Z18 -> 0 | AA30: ='Raw Data-Unsorted'!AB18 -> 0 | AB30: ='Raw Data-Unsorted'!AC18 -> 0 | AD30: ='Raw Data-Unsorted'!AE18 -> 820 | AE30: ='Raw Data-Unsorted'!AF18 -> 993 | AF30: ='Raw Data-Unsorted'!AG18 -> 0 | AG30: ='Raw Data-Unsorted'!AH18 -> 0 | AI30: ='Raw Data-Unsorted'!AJ18 -> 820 | AJ30: ='Raw Data-Unsorted'!AK18 -> 993 | AK30: ='Raw Data-Unsorted'!AL18 -> 0 | AL30: ='Raw Data-Unsorted'!AM18 -> 0 | AN30: ='Raw Data-Unsorted'!AO18 -> 1333 | AO30: ='Raw Data-Unsorted'!AP18 -> 1171 | AP30: ='Raw Data-Unsorted'!AQ18 -> 0 | AQ30: ='Raw Data-Unsorted'!AR18 -> 0 | AS30: ='Raw Data-Unsorted'!AT18 -> 20238 | AT30: ='Raw Data-Unsorted'!AU18 -> 16134 | AU30: ='Raw Data-Unsorted'!AV18 -> 0 | AV30: ='Raw Data-Unsorted'!AW18 -> 0 | AX30: ='Raw Data-Unsorted'!AY18 -> 0 | AY30: ='Raw Data-Unsorted'!AZ18 -> 0 | AZ30: ='Raw Data-Unsorted'!BA18 -> 0 | BA30: ='Raw Data-Unsorted'!BB18 -> 0 | BC30: ='Raw Data-Unsorted'!BD18 -> 776 | BD30: ='Raw Data-Unsorted'!BE18 -> 1216 | BE30: ='Raw Data-Unsorted'!BF18 -> 853 | BF30: ='Raw Data-Unsorted'!BG18 -> 1427 | BG30: ='Raw Data-Unsorted'!BH18 -> 732 | BH30: ='Raw Data-Unsorted'!BI18 -> 908 | BI30: ='Raw Data-Unsorted'!BJ18 -> 710 | BJ30: ='Raw Data-Unsorted'!BK18 -> 738 | ... GV30: ='Raw Data-Unsorted'!GW18 -> 0
A31: ='Analyte List'!B30 -> C2-Nap (1,4-DiMeNap) | C31: ='Raw Data-Unsorted'!D23 -> 38930 | D31: ='Raw Data-Unsorted'!E23 -> 35561 | E31: ='Raw Data-Unsorted'!F23 -> 49258 | F31: ='Raw Data-Unsorted'!G23 -> 0 | G31: ='Raw Data-Unsorted'!H23 -> 0 | I31: ='Raw Data-Unsorted'!J23 -> 404 | J31: ='Raw Data-Unsorted'!K23 -> 1197 | K31: ='Raw Data-Unsorted'!L23 -> 1435 | L31: ='Raw Data-Unsorted'!M23 -> 0 | M31: ='Raw Data-Unsorted'!N23 -> 0 | O31: ='Raw Data-Unsorted'!P23 -> 544 | P31: ='Raw Data-Unsorted'!Q23 -> 1468 | Q31: ='Raw Data-Unsorted'!R23 -> 1950 | R31: ='Raw Data-Unsorted'!S23 -> 0 | S31: ='Raw Data-Unsorted'!T23 -> 0 | U31: ='Raw Data-Unsorted'!V23 -> 4751 | V31: ='Raw Data-Unsorted'!W23 -> 9690 | X31: ='Raw Data-Unsorted'!Y23 -> 388 | Y31: ='Raw Data-Unsorted'!Z23 -> 714 | AA31: ='Raw Data-Unsorted'!AB23 -> 617 | AB31: ='Raw Data-Unsorted'!AC23 -> 332 | AD31: ='Raw Data-Unsorted'!AE23 -> 2083 | AE31: ='Raw Data-Unsorted'!AF23 -> 2742 | AF31: ='Raw Data-Unsorted'!AG23 -> 0 | AG31: ='Raw Data-Unsorted'!AH23 -> 0 | AI31: ='Raw Data-Unsorted'!AJ23 -> 2083 | AJ31: ='Raw Data-Unsorted'!AK23 -> 2742 | AK31: ='Raw Data-Unsorted'!AL23 -> 0 | AL31: ='Raw Data-Unsorted'!AM23 -> 0 | AN31: ='Raw Data-Unsorted'!AO23 -> 3259 | AO31: ='Raw Data-Unsorted'!AP23 -> 3266 | AP31: ='Raw Data-Unsorted'!AQ23 -> 0 | AQ31: ='Raw Data-Unsorted'!AR23 -> 0 | AS31: ='Raw Data-Unsorted'!AT23 -> 20303 | AT31: ='Raw Data-Unsorted'!AU23 -> 19343 | AU31: ='Raw Data-Unsorted'!AV23 -> 0 | AV31: ='Raw Data-Unsorted'!AW23 -> 0 | AX31: ='Raw Data-Unsorted'!AY23 -> 0 | AY31: ='Raw Data-Unsorted'!AZ23 -> 0 | AZ31: ='Raw Data-Unsorted'!BA23 -> 0 | BA31: ='Raw Data-Unsorted'!BB23 -> 0 | BC31: ='Raw Data-Unsorted'!BD23 -> 3028 | BD31: ='Raw Data-Unsorted'!BE23 -> 4428 | BE31: ='Raw Data-Unsorted'!BF23 -> 3982 | BF31: ='Raw Data-Unsorted'!BG23 -> 5566 | BG31: ='Raw Data-Unsorted'!BH23 -> 4637 | BH31: ='Raw Data-Unsorted'!BI23 -> 2274 | BI31: ='Raw Data-Unsorted'!BJ23 -> 2695 | BJ31: ='Raw Data-Unsorted'!BK23 -> 2955 | ... GV31: ='Raw Data-Unsorted'!GW23 -> 0
